date,ward_name,NDVI,prcp,lst,msdi,GCI,GCI_class
2019-01-01,Bula Pesa,0.1241,21.3,36.51,0.0757,24.43,Poor
2019-02-01,Bula Pesa,0.2182,32.63,34.49,0.0677,36.31,Poor
2019-03-01,Bula Pesa,0.3034,63.57,33.94,0.0411,53.76,Moderate
2019-04-01,Bula Pesa,0.3973,95.18,32.93,0.0532,63.74,Good
2019-05-01,Bula Pesa,0.3754,65.52,30.14,0.0501,60.17,Good
2019-06-01,Bula Pesa,0.3071,24.41,29.96,0.0416,50.56,Moderate
2019-07-01,Bula Pesa,0.2733,30.37,30.36,0.0505,46.91,Moderate
2019-08-01,Bula Pesa,0.236,13.3,30.56,0.058,39.62,Poor
2019-09-01,Bula Pesa,0.2641,29.07,30.68,0.0591,43.88,Moderate
2019-10-01,Bula Pesa,0.2942,65.99,32.44,0.0572,51.15,Moderate
2019-11-01,Bula Pesa,0.4212,112.33,30.37,0.0424,72.7,Good
2019-12-01,Bula Pesa,0.4324,89.98,32.85,0.0413,68.04,Good
2020-01-01,Bula Pesa,0.3304,15.08,33.87,0.0459,46.56,Moderate
2020-02-01,Bula Pesa,0.2889,22.16,36.29,0.0635,39.01,Poor
2020-03-01,Bula Pesa,0.2794,49.91,33.87,0.0658,44.38,Moderate
2020-04-01,Bula Pesa,0.3192,61.64,31.13,0.0473,55.42,Moderate
2020-05-01,Bula Pesa,0.3398,51.14,30.0,0.0526,54.84,Moderate
2020-06-01,Bula Pesa,0.2645,23.74,31.13,0.0729,39.6,Poor
2020-07-01,Bula Pesa,0.2449,18.38,29.69,0.0623,40.84,Moderate
2020-08-01,Bula Pesa,0.2035,9.03,31.23,0.0777,31.73,Poor
2020-09-01,Bula Pesa,0.2061,16.76,31.28,0.0666,35.61,Poor
2020-10-01,Bula Pesa,0.1892,11.81,36.41,0.0533,32.46,Poor
2020-11-01,Bula Pesa,0.275,56.78,31.51,0.0391,53.04,Moderate
2020-12-01,Bula Pesa,0.2972,47.13,33.36,0.0502,49.03,Moderate
2021-01-01,Bula Pesa,0.239,7.95,35.38,0.0457,37.83,Poor
2021-02-01,Bula Pesa,0.1992,11.31,39.02,0.0651,28.36,Poor
2021-03-01,Bula Pesa,0.208,16.34,35.86,0.0625,32.92,Poor
2021-04-01,Bula Pesa,0.2403,42.57,33.04,0.0644,41.39,Moderate
2021-05-01,Bula Pesa,0.2264,25.95,33.93,0.0569,38.6,Poor
2021-06-01,Bula Pesa,0.2106,8.47,32.1,0.0617,34.98,Poor
2021-07-01,Bula Pesa,0.228,7.68,30.88,0.0571,38.06,Poor
2021-08-01,Bula Pesa,0.1826,2.72,32.73,0.0665,30.5,Poor
2021-09-01,Bula Pesa,0.1961,15.45,33.42,0.0687,32.53,Poor
2021-10-01,Bula Pesa,0.2262,33.35,34.04,0.0552,40.11,Moderate
2021-11-01,Bula Pesa,0.2604,37.65,32.55,0.0494,45.7,Moderate
2021-12-01,Bula Pesa,0.2883,42.79,35.43,0.0601,43.84,Moderate
2022-01-01,Bula Pesa,0.2588,12.12,35.74,0.0658,35.15,Poor
2022-02-01,Bula Pesa,0.2177,4.68,35.71,0.0588,32.6,Poor
2022-03-01,Bula Pesa,0.203,23.95,35.8,0.0709,32.02,Poor
2022-04-01,Bula Pesa,0.2546,42.45,34.07,0.0551,43.61,Moderate
2022-05-01,Bula Pesa,0.2607,28.92,30.83,0.0551,44.39,Moderate
2022-06-01,Bula Pesa,0.2247,14.11,32.42,0.064,36.15,Poor
2022-07-01,Bula Pesa,0.2077,15.25,32.48,0.0766,32.29,Poor
2022-08-01,Bula Pesa,0.2122,10.52,31.8,0.0628,35.43,Poor
2022-09-01,Bula Pesa,0.1849,3.31,31.88,0.06,32.88,Poor
2022-10-01,Bula Pesa,0.2177,32.17,35.66,0.0687,35.03,Poor
2022-11-01,Bula Pesa,0.2746,61.27,33.66,0.053,48.95,Moderate
2022-12-01,Bula Pesa,0.2703,33.42,34.3,0.0591,42.14,Moderate
2023-01-01,Bula Pesa,0.2439,4.65,33.84,0.0588,35.94,Poor
2023-02-01,Bula Pesa,0.1971,2.2,36.68,0.0633,28.97,Poor
2023-03-01,Bula Pesa,0.1731,7.64,35.6,0.0607,29.63,Poor
2023-04-01,Bula Pesa,0.386,117.95,31.43,0.0534,67.89,Good
2023-05-01,Bula Pesa,0.3853,83.69,31.69,0.0406,64.77,Good
2023-06-01,Bula Pesa,0.3344,33.34,30.71,0.0455,52.51,Moderate
2023-07-01,Bula Pesa,0.2459,9.46,31.09,0.0555,39.81,Poor
2023-08-01,Bula Pesa,0.2185,10.52,29.72,0.0661,36.81,Poor
2023-09-01,Bula Pesa,0.1903,4.8,31.93,0.059,33.69,Poor
2023-10-01,Bula Pesa,0.4264,142.32,31.42,0.0437,76.95,Good
2023-11-01,Bula Pesa,0.532,203.72,29.65,0.027,88.51,Very good
2023-12-01,Bula Pesa,0.567,166.61,31.36,0.0122,90.42,Very good
2024-01-01,Bula Pesa,0.35,4.15,33.42,0.0418,47.38,Moderate
2024-02-01,Bula Pesa,0.2937,20.23,35.02,0.053,42.36,Moderate
2024-03-01,Bula Pesa,0.2987,48.76,31.65,0.0444,52.09,Moderate
2024-04-01,Bula Pesa,0.3494,71.4,32.58,0.0389,59.87,Moderate
2024-05-01,Bula Pesa,0.4502,119.79,30.67,0.0331,77.8,Good
2024-06-01,Bula Pesa,0.3218,13.3,31.02,0.0494,47.18,Moderate
2024-07-01,Bula Pesa,0.2635,16.31,30.69,0.0533,42.99,Moderate
2024-08-01,Bula Pesa,0.2688,21.84,28.51,0.0575,45.09,Moderate
2024-09-01,Bula Pesa,0.2508,35.57,32.22,0.0603,42.54,Moderate
2024-10-01,Bula Pesa,0.3398,68.42,31.87,0.0519,56.38,Moderate
2024-11-01,Bula Pesa,0.3152,58.66,32.18,0.057,51.65,Moderate
2024-12-01,Bula Pesa,0.3846,83.97,33.18,0.0351,64.8,Good
2025-01-01,Bula Pesa,0.2794,16.12,35.34,0.0575,39.42,Poor
2025-02-01,Bula Pesa,0.2835,29.91,34.32,0.0429,46.08,Moderate
2025-03-01,Bula Pesa,0.3007,53.93,34.2,0.0641,46.66,Moderate
2025-04-01,Bula Pesa,0.4235,114.89,32.96,0.0409,71.57,Good
2025-05-01,Bula Pesa,0.3644,49.65,30.68,0.0538,55.5,Moderate
2025-06-01,Bula Pesa,0.3238,29.08,31.25,0.0482,50.03,Moderate
2025-07-01,Bula Pesa,0.2644,16.95,30.59,0.0681,39.96,Poor
2025-08-01,Bula Pesa,0.24,19.51,33.59,0.0639,37.2,Poor
2025-09-01,Bula Pesa,0.2497,21.08,32.39,0.0528,41.57,Moderate
2025-10-01,Bula Pesa,0.2758,55.28,32.72,0.0635,46.45,Moderate
2025-11-01,Bula Pesa,0.4677,128.56,31.6,0.03,80.44,Very good
2025-12-01,Bula Pesa,0.4747,95.13,32.97,0.0394,72.17,Good
2026-01-01,Bula Pesa,0.3188,15.29,36.01,0.053,42.49,Moderate
2026-02-01,Bula Pesa,0.253,3.27,35.06,0.0656,33.85,Poor
2026-03-01,Bula Pesa,0.3287,72.34,32.71,0.0388,58.5,Moderate
2026-04-01,Bula Pesa,0.4326,123.35,34.0,0.0326,74.62,Good
2026-05-01,Bula Pesa,0.407,77.05,30.77,0.0422,65.55,Good
2019-01-01,Burat,0.059,15.25,33.87,0.0839,19.16,Very poor
2019-02-01,Burat,0.1164,19.76,35.7,0.0695,25.66,Poor
2019-03-01,Burat,0.2433,81.38,34.12,0.0518,50.0,Moderate
2019-04-01,Burat,0.3698,122.86,32.07,0.0394,70.17,Good
2019-05-01,Burat,0.3088,63.7,31.11,0.0586,52.56,Moderate
2019-06-01,Burat,0.1997,17.33,33.58,0.0616,34.52,Poor
2019-07-01,Burat,0.1859,15.27,31.07,0.0691,33.58,Poor
2019-08-01,Burat,0.1521,19.2,29.37,0.0781,31.21,Poor
2019-09-01,Burat,0.1402,22.37,30.7,0.0739,30.79,Poor
2019-10-01,Burat,0.2653,92.61,32.66,0.0561,53.63,Moderate
2019-11-01,Burat,0.3285,95.51,30.67,0.045,62.6,Good
2019-12-01,Burat,0.3294,85.92,33.18,0.0608,55.54,Moderate
2020-01-01,Burat,0.2374,16.3,35.12,0.062,35.68,Poor
2020-02-01,Burat,0.1772,16.33,34.08,0.0694,30.67,Poor
2020-03-01,Burat,0.256,69.69,35.25,0.0409,50.47,Moderate
2020-04-01,Burat,0.2786,66.45,32.5,0.0618,49.07,Moderate
2020-05-01,Burat,0.3439,104.56,30.78,0.0521,63.52,Good
2020-06-01,Burat,0.228,20.7,30.53,0.0532,41.38,Moderate
2020-07-01,Burat,0.1987,17.81,28.93,0.0709,36.2,Poor
2020-08-01,Burat,0.1706,21.02,31.98,0.0549,35.87,Poor
2020-09-01,Burat,0.1687,26.91,32.23,0.0601,35.38,Poor
2020-10-01,Burat,0.1447,19.36,34.7,0.0834,25.27,Poor
2020-11-01,Burat,0.147,26.49,33.44,0.0656,31.59,Poor
2020-12-01,Burat,0.179,35.71,33.14,0.0618,36.45,Poor
2021-01-01,Burat,0.1267,7.04,36.99,0.0666,23.87,Poor
2021-02-01,Burat,0.1318,11.59,35.95,0.0565,28.06,Poor
2021-03-01,Burat,0.1636,34.45,36.52,0.0647,31.82,Poor
2021-04-01,Burat,0.2544,65.71,34.2,0.0564,47.08,Moderate
2021-05-01,Burat,0.2229,46.17,35.76,0.0709,37.16,Poor
2021-06-01,Burat,0.1726,12.96,32.69,0.0728,30.13,Poor
2021-07-01,Burat,0.1542,10.71,32.57,0.0627,30.82,Poor
2021-08-01,Burat,0.129,4.58,31.91,0.0804,24.61,Poor
2021-09-01,Burat,0.1089,11.02,34.23,0.076,23.42,Poor
2021-10-01,Burat,0.1632,35.11,34.18,0.0699,32.63,Poor
2021-11-01,Burat,0.2492,67.15,32.24,0.0544,48.97,Moderate
2021-12-01,Burat,0.1956,33.76,35.29,0.0656,34.72,Poor
2022-01-01,Burat,0.1715,17.56,37.63,0.0679,27.95,Poor
2022-02-01,Burat,0.1089,3.08,34.53,0.0693,23.33,Poor
2022-03-01,Burat,0.1359,26.63,34.06,0.0685,29.69,Poor
2022-04-01,Burat,0.2543,76.42,34.75,0.0642,46.7,Moderate
2022-05-01,Burat,0.2302,42.68,31.16,0.0568,43.89,Moderate
2022-06-01,Burat,0.1518,12.02,31.16,0.059,32.81,Poor
2022-07-01,Burat,0.1298,11.01,31.96,0.0783,26.18,Poor
2022-08-01,Burat,0.1435,16.66,30.32,0.0687,31.53,Poor
2022-09-01,Burat,0.1415,18.56,32.52,0.0754,28.45,Poor
2022-10-01,Burat,0.1646,33.47,33.54,0.0712,32.66,Poor
2022-11-01,Burat,0.1568,25.23,32.99,0.0665,32.24,Poor
2022-12-01,Burat,0.2156,53.12,32.62,0.0601,42.71,Moderate
2023-01-01,Burat,0.1241,2.73,36.11,0.0698,22.97,Poor
2023-02-01,Burat,0.1291,9.43,36.03,0.0721,23.98,Poor
2023-03-01,Burat,0.1558,35.05,34.78,0.0606,33.68,Poor
2023-04-01,Burat,0.3613,136.36,30.63,0.0451,71.71,Good
2023-05-01,Burat,0.3827,92.72,29.68,0.0525,65.07,Good
2023-06-01,Burat,0.2421,15.81,30.82,0.0564,40.62,Moderate
2023-07-01,Burat,0.2102,25.39,29.75,0.0522,41.76,Moderate
2023-08-01,Burat,0.1676,22.03,31.4,0.0658,33.89,Poor
2023-09-01,Burat,0.1837,38.42,31.1,0.0614,38.96,Poor
2023-10-01,Burat,0.3774,200.76,30.79,0.0455,74.9,Good
2023-11-01,Burat,0.4477,166.58,29.76,0.041,81.64,Very good
2023-12-01,Burat,0.4967,147.92,30.36,0.0323,86.19,Very good
2024-01-01,Burat,0.3099,21.52,36.07,0.057,41.99,Moderate
2024-02-01,Burat,0.1996,18.54,35.0,0.0662,32.57,Poor
2024-03-01,Burat,0.2479,59.52,34.4,0.0567,45.38,Moderate
2024-04-01,Burat,0.3398,107.77,32.46,0.0465,63.67,Good
2024-05-01,Burat,0.3059,65.26,30.11,0.0489,55.57,Moderate
2024-06-01,Burat,0.2668,36.21,29.28,0.0556,47.15,Moderate
2024-07-01,Burat,0.1857,27.74,29.63,0.0654,37.61,Poor
2024-08-01,Burat,0.1957,25.69,32.03,0.0589,37.49,Poor
2024-09-01,Burat,0.1355,8.73,32.35,0.0662,28.57,Poor
2024-10-01,Burat,0.2691,93.8,30.55,0.0471,57.77,Moderate
2024-11-01,Burat,0.4136,144.15,31.51,0.0369,77.79,Good
2024-12-01,Burat,0.4101,109.76,35.42,0.0365,68.77,Good
2025-01-01,Burat,0.234,13.53,34.9,0.0599,35.63,Poor
2025-02-01,Burat,0.1671,10.06,35.67,0.0633,28.99,Poor
2025-03-01,Burat,0.2145,66.7,32.71,0.0576,45.38,Moderate
2025-04-01,Burat,0.3981,129.96,31.43,0.0389,73.95,Good
2025-05-01,Burat,0.3464,70.58,31.25,0.0483,58.5,Moderate
2025-06-01,Burat,0.2576,29.6,31.23,0.0546,44.07,Moderate
2025-07-01,Burat,0.2053,26.55,28.95,0.0642,39.58,Poor
2025-08-01,Burat,0.1939,19.56,30.36,0.0551,38.51,Poor
2025-09-01,Burat,0.1474,17.09,30.18,0.0703,31.63,Poor
2025-10-01,Burat,0.2745,100.27,32.17,0.065,53.97,Moderate
2025-11-01,Burat,0.3899,124.11,29.77,0.0486,71.57,Good
2025-12-01,Burat,0.381,86.53,34.33,0.0466,61.5,Good
2026-01-01,Burat,0.2518,13.18,33.79,0.0622,37.2,Poor
2026-02-01,Burat,0.19,20.94,35.27,0.0695,31.34,Poor
2026-03-01,Burat,0.2678,86.18,35.29,0.0559,50.68,Moderate
2026-04-01,Burat,0.3116,77.07,31.63,0.0462,57.31,Moderate
2026-05-01,Burat,0.3094,70.5,29.46,0.0437,58.34,Moderate
2019-01-01,Chari,0.1552,13.69,36.43,0.0647,27.83,Poor
2019-02-01,Chari,0.2356,15.59,35.14,0.0673,34.25,Poor
2019-03-01,Chari,0.363,55.83,35.06,0.0409,55.81,Moderate
2019-04-01,Chari,0.4626,90.29,32.5,0.0386,71.08,Good
2019-05-01,Chari,0.4847,72.53,29.75,0.0313,73.48,Good
2019-06-01,Chari,0.4035,23.03,29.47,0.0409,57.63,Moderate
2019-07-01,Chari,0.3475,11.69,29.91,0.0509,49.25,Moderate
2019-08-01,Chari,0.381,32.61,29.49,0.0447,56.8,Moderate
2019-09-01,Chari,0.3698,30.43,33.5,0.047,51.94,Moderate
2019-10-01,Chari,0.42,55.11,33.09,0.0433,60.72,Good
2019-11-01,Chari,0.5295,115.8,31.17,0.0242,82.2,Very good
2019-12-01,Chari,0.5141,73.21,32.61,0.0254,73.7,Good
2020-01-01,Chari,0.4062,11.49,36.02,0.0415,50.53,Moderate
2020-02-01,Chari,0.3598,16.64,34.49,0.0502,47.42,Moderate
2020-03-01,Chari,0.4909,97.19,34.43,0.0373,72.95,Good
2020-04-01,Chari,0.5675,114.25,32.27,0.0112,83.96,Very good
2020-05-01,Chari,0.4916,52.41,30.79,0.0413,67.56,Good
2020-06-01,Chari,0.4258,22.32,29.8,0.0349,60.15,Good
2020-07-01,Chari,0.3989,30.36,30.0,0.0477,56.62,Moderate
2020-08-01,Chari,0.3684,15.07,29.1,0.0522,51.63,Moderate
2020-09-01,Chari,0.3597,23.86,34.26,0.0311,53.05,Moderate
2020-10-01,Chari,0.3552,19.88,33.66,0.0505,48.24,Moderate
2020-11-01,Chari,0.3703,39.49,33.35,0.0349,56.3,Moderate
2020-12-01,Chari,0.3445,21.16,32.61,0.0456,49.63,Moderate
2021-01-01,Chari,0.3169,10.87,36.5,0.0513,41.62,Moderate
2021-02-01,Chari,0.3213,12.86,36.71,0.0568,40.86,Moderate
2021-03-01,Chari,0.3435,36.0,35.35,0.0506,48.75,Moderate
2021-04-01,Chari,0.3688,40.86,34.33,0.0321,56.26,Moderate
2021-05-01,Chari,0.4306,53.33,31.47,0.0369,63.88,Good
2021-06-01,Chari,0.3585,17.38,31.97,0.0412,51.48,Moderate
2021-07-01,Chari,0.3248,8.96,33.19,0.0509,44.59,Moderate
2021-08-01,Chari,0.3238,4.95,33.85,0.0626,40.72,Moderate
2021-09-01,Chari,0.3025,4.54,33.82,0.0558,40.7,Moderate
2021-10-01,Chari,0.3387,34.52,34.76,0.0444,50.02,Moderate
2021-11-01,Chari,0.4156,64.77,31.41,0.0468,62.58,Good
2021-12-01,Chari,0.3751,26.72,32.28,0.0485,52.34,Moderate
2022-01-01,Chari,0.3246,8.54,36.04,0.0426,44.07,Moderate
2022-02-01,Chari,0.3247,14.61,36.4,0.0418,44.99,Moderate
2022-03-01,Chari,0.386,31.51,34.28,0.0414,53.87,Moderate
2022-04-01,Chari,0.4063,46.5,33.0,0.0406,58.99,Moderate
2022-05-01,Chari,0.3542,22.4,33.6,0.0403,50.92,Moderate
2022-06-01,Chari,0.3253,16.16,30.93,0.0475,48.39,Moderate
2022-07-01,Chari,0.3433,15.5,28.52,0.0516,50.55,Moderate
2022-08-01,Chari,0.2881,9.4,31.14,0.0521,43.46,Moderate
2022-09-01,Chari,0.3044,8.36,32.59,0.0504,43.66,Moderate
2022-10-01,Chari,0.3171,18.44,34.31,0.0566,43.47,Moderate
2022-11-01,Chari,0.3304,28.33,33.64,0.0543,47.1,Moderate
2022-12-01,Chari,0.3767,39.81,35.18,0.042,53.76,Moderate
2023-01-01,Chari,0.3308,2.45,36.45,0.0383,44.11,Moderate
2023-02-01,Chari,0.3132,6.61,37.77,0.0546,38.9,Poor
2023-03-01,Chari,0.3568,41.4,32.93,0.05,52.65,Moderate
2023-04-01,Chari,0.468,87.05,32.48,0.046,69.28,Good
2023-05-01,Chari,0.5203,89.05,30.92,0.0235,78.1,Good
2023-06-01,Chari,0.4013,18.39,29.52,0.038,57.32,Moderate
2023-07-01,Chari,0.3793,23.66,30.58,0.0489,53.38,Moderate
2023-08-01,Chari,0.3573,14.47,30.68,0.0433,51.48,Moderate
2023-09-01,Chari,0.3748,31.87,32.32,0.0477,53.32,Moderate
2023-10-01,Chari,0.4981,110.73,31.39,0.0209,81.79,Very good
2023-11-01,Chari,0.58,146.76,30.19,0.025,87.97,Very good
2023-12-01,Chari,0.58,117.03,32.27,0.0248,81.39,Very good
2024-01-01,Chari,0.4634,21.28,34.58,0.0392,57.84,Moderate
2024-02-01,Chari,0.4035,16.22,33.88,0.0426,52.6,Moderate
2024-03-01,Chari,0.4883,86.05,33.87,0.0349,71.9,Good
2024-04-01,Chari,0.5444,102.18,33.09,0.0174,79.92,Good
2024-05-01,Chari,0.5575,90.34,31.43,0.0273,77.06,Good
2024-06-01,Chari,0.4248,20.58,30.71,0.0389,58.18,Moderate
2024-07-01,Chari,0.3842,20.21,30.62,0.0363,55.92,Moderate
2024-08-01,Chari,0.3539,19.66,30.98,0.0468,51.09,Moderate
2024-09-01,Chari,0.359,15.5,31.33,0.0474,50.34,Moderate
2024-10-01,Chari,0.4166,58.31,33.75,0.0406,61.08,Good
2024-11-01,Chari,0.535,120.78,31.34,0.0255,82.6,Very good
2024-12-01,Chari,0.569,94.4,32.99,0.0146,79.32,Good
2025-01-01,Chari,0.4493,20.09,35.58,0.0357,56.63,Moderate
2025-02-01,Chari,0.3739,21.74,35.36,0.0507,48.47,Moderate
2025-03-01,Chari,0.3854,37.83,31.95,0.0418,56.64,Moderate
2025-04-01,Chari,0.5633,131.87,32.98,0.0118,86.2,Very good
2025-05-01,Chari,0.4716,37.55,30.83,0.0264,66.96,Good
2025-06-01,Chari,0.4215,40.88,30.51,0.0526,58.46,Moderate
2025-07-01,Chari,0.3532,5.15,28.42,0.0425,51.61,Moderate
2025-08-01,Chari,0.3383,22.35,31.5,0.0489,49.56,Moderate
2025-09-01,Chari,0.357,25.79,32.07,0.0513,50.44,Moderate
2025-10-01,Chari,0.402,48.97,31.15,0.0315,62.6,Good
2025-11-01,Chari,0.4935,88.31,30.44,0.0289,76.71,Good
2025-12-01,Chari,0.4901,70.84,33.94,0.0301,70.5,Good
2026-01-01,Chari,0.3933,14.77,34.93,0.0327,53.01,Moderate
2026-02-01,Chari,0.3537,11.75,34.98,0.0408,47.89,Moderate
2026-03-01,Chari,0.4044,62.39,33.14,0.0464,60.1,Good
2026-04-01,Chari,0.562,126.09,30.57,0.0225,84.79,Very good
2026-05-01,Chari,0.5092,60.68,30.73,0.0242,73.36,Good
2019-01-01,Cherab,0.1697,19.0,36.11,0.067,29.49,Poor
2019-02-01,Cherab,0.2166,25.14,35.58,0.052,37.56,Poor
2019-03-01,Cherab,0.3241,88.52,34.33,0.0587,55.17,Moderate
2019-04-01,Cherab,0.4884,102.01,32.1,0.0277,77.57,Good
2019-05-01,Cherab,0.4974,97.54,31.26,0.0264,78.43,Good
2019-06-01,Cherab,0.4018,28.33,32.05,0.0381,56.98,Moderate
2019-07-01,Cherab,0.3579,18.15,31.63,0.0322,53.83,Moderate
2019-08-01,Cherab,0.2773,17.98,29.7,0.0558,44.46,Moderate
2019-09-01,Cherab,0.306,34.92,33.95,0.0536,46.39,Moderate
2019-10-01,Cherab,0.3503,57.3,31.34,0.0498,56.15,Moderate
2019-11-01,Cherab,0.4656,119.81,29.26,0.0302,80.66,Very good
2019-12-01,Cherab,0.488,85.15,30.91,0.0325,74.62,Good
2020-01-01,Cherab,0.3603,18.55,34.33,0.0425,49.63,Moderate
2020-02-01,Cherab,0.2822,14.22,35.24,0.0571,39.45,Poor
2020-03-01,Cherab,0.3617,71.91,34.31,0.0489,57.21,Moderate
2020-04-01,Cherab,0.4975,119.49,30.72,0.0277,82.22,Very good
2020-05-01,Cherab,0.4705,77.32,31.21,0.0304,72.32,Good
2020-06-01,Cherab,0.3445,10.43,29.15,0.0488,49.9,Moderate
2020-07-01,Cherab,0.2825,5.9,30.82,0.051,42.98,Moderate
2020-08-01,Cherab,0.2513,19.89,29.83,0.0536,43.35,Moderate
2020-09-01,Cherab,0.2972,36.62,32.48,0.057,46.48,Moderate
2020-10-01,Cherab,0.2942,39.52,33.4,0.0445,48.78,Moderate
2020-11-01,Cherab,0.3077,35.48,30.37,0.0455,51.26,Moderate
2020-12-01,Cherab,0.3154,37.28,32.99,0.0618,46.4,Moderate
2021-01-01,Cherab,0.2863,5.46,33.39,0.0525,40.79,Moderate
2021-02-01,Cherab,0.2413,9.65,36.35,0.0564,35.12,Poor
2021-03-01,Cherab,0.2559,19.34,35.21,0.064,36.96,Poor
2021-04-01,Cherab,0.3053,33.78,32.89,0.0511,47.54,Moderate
2021-05-01,Cherab,0.3022,20.18,32.71,0.0563,44.07,Moderate
2021-06-01,Cherab,0.2555,2.67,31.08,0.0615,38.03,Poor
2021-07-01,Cherab,0.2574,14.14,31.69,0.0523,41.63,Moderate
2021-08-01,Cherab,0.2372,10.59,31.66,0.0513,39.86,Poor
2021-09-01,Cherab,0.1978,1.74,34.26,0.0691,29.59,Poor
2021-10-01,Cherab,0.2439,22.97,31.97,0.0652,39.06,Poor
2021-11-01,Cherab,0.3447,66.18,34.03,0.0491,55.25,Moderate
2021-12-01,Cherab,0.3032,32.73,36.8,0.0636,41.34,Moderate
2022-01-01,Cherab,0.2616,11.33,36.98,0.0603,35.45,Poor
2022-02-01,Cherab,0.2438,4.56,37.73,0.0464,35.55,Poor
2022-03-01,Cherab,0.2758,40.72,35.88,0.0463,45.31,Moderate
2022-04-01,Cherab,0.3027,35.32,32.64,0.0423,49.79,Moderate
2022-05-01,Cherab,0.3299,46.86,33.94,0.0434,52.32,Moderate
2022-06-01,Cherab,0.299,16.54,28.87,0.0597,45.55,Moderate
2022-07-01,Cherab,0.2499,10.23,34.72,0.0744,33.12,Poor
2022-08-01,Cherab,0.2648,15.01,29.72,0.0562,43.0,Moderate
2022-09-01,Cherab,0.2546,18.52,30.87,0.0554,42.13,Moderate
2022-10-01,Cherab,0.2792,25.88,34.31,0.062,40.87,Moderate
2022-11-01,Cherab,0.3067,56.5,33.03,0.0435,53.02,Moderate
2022-12-01,Cherab,0.2956,21.48,33.64,0.041,46.46,Moderate
2023-01-01,Cherab,0.2673,6.07,36.23,0.0491,38.04,Poor
2023-02-01,Cherab,0.2157,1.58,35.4,0.063,31.25,Poor
2023-03-01,Cherab,0.2574,30.92,37.33,0.0509,40.23,Moderate
2023-04-01,Cherab,0.3176,57.01,33.59,0.0442,53.25,Moderate
2023-05-01,Cherab,0.3095,30.83,30.72,0.0589,47.36,Moderate
2023-06-01,Cherab,0.2934,19.46,31.53,0.0507,45.52,Moderate
2023-07-01,Cherab,0.2693,15.98,29.28,0.0585,43.3,Moderate
2023-08-01,Cherab,0.2561,16.93,32.0,0.0674,38.41,Poor
2023-09-01,Cherab,0.2622,21.81,32.08,0.0521,42.98,Moderate
2023-10-01,Cherab,0.3563,65.01,32.02,0.0446,58.46,Moderate
2023-11-01,Cherab,0.5128,199.94,31.46,0.0276,86.92,Very good
2023-12-01,Cherab,0.58,135.35,34.58,0.0232,82.97,Very good
2024-01-01,Cherab,0.4169,26.01,35.37,0.0424,54.01,Moderate
2024-02-01,Cherab,0.3294,23.03,34.59,0.036,49.45,Moderate
2024-03-01,Cherab,0.3878,54.01,33.56,0.0402,58.59,Moderate
2024-04-01,Cherab,0.4538,120.27,32.81,0.0426,74.31,Good
2024-05-01,Cherab,0.4994,92.07,31.26,0.0313,76.56,Good
2024-06-01,Cherab,0.3712,17.37,31.23,0.0493,51.16,Moderate
2024-07-01,Cherab,0.3392,30.69,31.85,0.0425,52.16,Moderate
2024-08-01,Cherab,0.313,23.42,31.53,0.0546,46.68,Moderate
2024-09-01,Cherab,0.2899,23.89,31.17,0.0605,44.12,Moderate
2024-10-01,Cherab,0.3901,76.98,31.95,0.0473,62.29,Good
2024-11-01,Cherab,0.4218,86.56,30.67,0.0241,72.28,Good
2024-12-01,Cherab,0.524,119.12,32.18,0.0351,79.53,Good
2025-01-01,Cherab,0.3509,11.02,35.13,0.0421,47.15,Moderate
2025-02-01,Cherab,0.2842,14.13,35.45,0.0564,39.57,Poor
2025-03-01,Cherab,0.3789,75.67,33.48,0.0489,59.7,Moderate
2025-04-01,Cherab,0.4532,95.04,31.27,0.0303,74.03,Good
2025-05-01,Cherab,0.5025,95.86,31.74,0.0222,78.88,Good
2025-06-01,Cherab,0.3292,9.47,30.66,0.0623,44.47,Moderate
2025-07-01,Cherab,0.2891,16.51,29.2,0.0469,47.43,Moderate
2025-08-01,Cherab,0.2979,25.89,29.13,0.0423,50.69,Moderate
2025-09-01,Cherab,0.3059,27.19,30.78,0.0613,45.91,Moderate
2025-10-01,Cherab,0.3944,70.52,32.16,0.0345,64.18,Good
2025-11-01,Cherab,0.4028,63.59,30.92,0.0376,63.92,Good
2025-12-01,Cherab,0.4741,100.32,33.58,0.0338,73.76,Good
2026-01-01,Cherab,0.3898,28.39,33.77,0.0459,53.03,Moderate
2026-02-01,Cherab,0.3338,24.86,34.99,0.0411,48.59,Moderate
2026-03-01,Cherab,0.335,54.74,33.83,0.0479,53.08,Moderate
2026-04-01,Cherab,0.4064,80.9,31.16,0.0382,66.72,Good
2026-05-01,Cherab,0.4978,103.62,31.76,0.0189,80.72,Very good
2019-01-01,Garbatulla,0.03,8.37,35.3,0.0826,15.13,Very poor
2019-02-01,Garbatulla,0.0504,14.56,35.29,0.0748,19.33,Very poor
2019-03-01,Garbatulla,0.143,61.85,33.53,0.0701,36.15,Poor
2019-04-01,Garbatulla,0.2534,107.19,33.66,0.0644,52.58,Moderate
2019-05-01,Garbatulla,0.2314,67.7,30.98,0.0776,43.69,Moderate
2019-06-01,Garbatulla,0.1658,28.13,31.86,0.0797,31.33,Poor
2019-07-01,Garbatulla,0.1147,10.36,29.03,0.0767,27.72,Poor
2019-08-01,Garbatulla,0.0872,19.59,31.97,0.0811,24.0,Poor
2019-09-01,Garbatulla,0.061,11.4,32.2,0.0786,21.17,Poor
2019-10-01,Garbatulla,0.1323,67.53,34.19,0.0671,36.48,Poor
2019-11-01,Garbatulla,0.2261,81.43,30.38,0.0641,49.07,Moderate
2019-12-01,Garbatulla,0.3016,106.16,35.05,0.0551,56.73,Moderate
2020-01-01,Garbatulla,0.1901,17.94,34.89,0.0704,30.96,Poor
2020-02-01,Garbatulla,0.1338,24.69,35.95,0.0788,25.43,Poor
2020-03-01,Garbatulla,0.2128,71.28,35.54,0.0645,42.23,Moderate
2020-04-01,Garbatulla,0.2027,67.48,32.57,0.062,43.82,Moderate
2020-05-01,Garbatulla,0.2446,69.54,30.1,0.0524,51.21,Moderate
2020-06-01,Garbatulla,0.1552,34.67,30.68,0.0737,33.94,Poor
2020-07-01,Garbatulla,0.1146,15.46,28.34,0.0753,29.43,Poor
2020-08-01,Garbatulla,0.0859,20.79,30.72,0.0781,25.76,Poor
2020-09-01,Garbatulla,0.0919,19.81,30.63,0.0777,26.19,Poor
2020-10-01,Garbatulla,0.0985,31.98,35.1,0.0707,26.66,Poor
2020-11-01,Garbatulla,0.1103,34.23,32.82,0.0703,29.77,Poor
2020-12-01,Garbatulla,0.1234,32.54,35.28,0.0827,25.68,Poor
2021-01-01,Garbatulla,0.0847,7.02,37.46,0.0753,18.61,Very poor
2021-02-01,Garbatulla,0.044,6.62,36.81,0.0778,15.66,Very poor
2021-03-01,Garbatulla,0.0543,19.8,35.8,0.0737,20.3,Poor
2021-04-01,Garbatulla,0.1046,53.2,35.32,0.0821,27.9,Poor
2021-05-01,Garbatulla,0.1423,38.99,32.38,0.0719,32.8,Poor
2021-06-01,Garbatulla,0.0915,9.82,30.06,0.0728,26.04,Poor
2021-07-01,Garbatulla,0.0805,9.38,32.02,0.0807,21.87,Poor
2021-08-01,Garbatulla,0.0752,17.0,32.8,0.0789,22.54,Poor
2021-09-01,Garbatulla,0.0453,11.01,34.48,0.0775,18.42,Very poor
2021-10-01,Garbatulla,0.0558,20.53,34.29,0.0751,21.43,Poor
2021-11-01,Garbatulla,0.1369,54.42,34.14,0.0737,33.2,Poor
2021-12-01,Garbatulla,0.1307,49.29,35.98,0.0752,30.1,Poor
2022-01-01,Garbatulla,0.0747,8.5,36.5,0.0836,17.1,Very poor
2022-02-01,Garbatulla,0.0461,16.38,37.69,0.0822,15.75,Very poor
2022-03-01,Garbatulla,0.0841,25.02,35.56,0.0782,22.46,Poor
2022-04-01,Garbatulla,0.1225,36.38,33.78,0.0806,27.93,Poor
2022-05-01,Garbatulla,0.1083,29.76,33.53,0.074,27.5,Poor
2022-06-01,Garbatulla,0.0766,5.44,30.56,0.0826,21.69,Poor
2022-07-01,Garbatulla,0.0609,12.71,30.79,0.0751,23.27,Poor
2022-08-01,Garbatulla,0.0609,11.95,31.94,0.0844,20.17,Poor
2022-09-01,Garbatulla,0.0506,6.74,31.9,0.0777,20.1,Poor
2022-10-01,Garbatulla,0.0807,25.87,33.42,0.0739,25.03,Poor
2022-11-01,Garbatulla,0.1329,56.99,32.19,0.0726,35.14,Poor
2022-12-01,Garbatulla,0.1488,46.59,33.27,0.0691,34.44,Poor
2023-01-01,Garbatulla,0.0922,5.31,36.31,0.0728,20.33,Poor
2023-02-01,Garbatulla,0.0727,7.25,37.73,0.082,16.12,Very poor
2023-03-01,Garbatulla,0.0889,34.08,34.78,0.09,22.3,Poor
2023-04-01,Garbatulla,0.1525,60.18,30.5,0.068,39.42,Poor
2023-05-01,Garbatulla,0.2666,101.27,30.57,0.0531,57.5,Moderate
2023-06-01,Garbatulla,0.1547,21.47,30.97,0.0764,30.88,Poor
2023-07-01,Garbatulla,0.1359,29.36,28.79,0.0722,33.55,Poor
2023-08-01,Garbatulla,0.121,29.61,31.73,0.0745,29.69,Poor
2023-09-01,Garbatulla,0.0961,22.49,31.51,0.0754,26.72,Poor
2023-10-01,Garbatulla,0.3049,166.68,30.9,0.0577,67.03,Good
2023-11-01,Garbatulla,0.3984,225.51,31.3,0.0432,76.46,Good
2023-12-01,Garbatulla,0.4319,141.94,32.58,0.0397,77.23,Good
2024-01-01,Garbatulla,0.2287,13.5,34.0,0.0642,35.02,Poor
2024-02-01,Garbatulla,0.1851,26.98,34.47,0.0522,36.5,Poor
2024-03-01,Garbatulla,0.2587,89.89,32.47,0.0585,52.33,Moderate
2024-04-01,Garbatulla,0.3443,135.32,29.83,0.0486,70.2,Good
2024-05-01,Garbatulla,0.2944,72.3,30.79,0.0494,55.27,Moderate
2024-06-01,Garbatulla,0.195,29.8,31.77,0.0591,38.29,Poor
2024-07-01,Garbatulla,0.1521,33.78,28.8,0.0771,34.32,Poor
2024-08-01,Garbatulla,0.072,9.87,30.3,0.0748,24.05,Poor
2024-09-01,Garbatulla,0.0903,24.28,31.98,0.0635,28.9,Poor
2024-10-01,Garbatulla,0.1623,58.11,31.96,0.0625,39.81,Poor
2024-11-01,Garbatulla,0.2775,103.46,32.21,0.0515,57.68,Moderate
2024-12-01,Garbatulla,0.2835,77.29,34.14,0.0582,50.7,Moderate
2025-01-01,Garbatulla,0.1456,8.06,34.91,0.0696,26.38,Poor
2025-02-01,Garbatulla,0.0981,21.99,34.62,0.0876,21.61,Poor
2025-03-01,Garbatulla,0.1827,74.78,34.49,0.0678,40.82,Moderate
2025-04-01,Garbatulla,0.3174,123.91,33.34,0.0518,62.92,Good
2025-05-01,Garbatulla,0.303,92.38,30.9,0.0477,59.5,Moderate
2025-06-01,Garbatulla,0.1908,27.91,30.18,0.0619,38.33,Poor
2025-07-01,Garbatulla,0.1438,18.17,30.87,0.065,32.17,Poor
2025-08-01,Garbatulla,0.0931,12.38,30.82,0.0723,26.07,Poor
2025-09-01,Garbatulla,0.0842,30.73,31.98,0.0769,26.57,Poor
2025-10-01,Garbatulla,0.2854,142.84,33.15,0.0595,62.27,Good
2025-11-01,Garbatulla,0.3229,97.42,31.15,0.0534,60.27,Good
2025-12-01,Garbatulla,0.2766,67.66,31.6,0.0509,52.28,Moderate
2026-01-01,Garbatulla,0.1587,19.91,33.97,0.0649,31.06,Poor
2026-02-01,Garbatulla,0.1085,9.33,34.97,0.0736,23.04,Poor
2026-03-01,Garbatulla,0.1206,44.08,34.55,0.0625,32.49,Poor
2026-04-01,Garbatulla,0.2921,115.73,30.73,0.0609,59.83,Moderate
2026-05-01,Garbatulla,0.3057,91.78,31.1,0.0485,59.25,Moderate
2019-01-01,Kinna,0.2102,16.46,36.45,0.0589,33.43,Poor
2019-02-01,Kinna,0.305,24.63,33.94,0.0479,45.88,Moderate
2019-03-01,Kinna,0.4551,87.58,34.7,0.0387,68.32,Good
2019-04-01,Kinna,0.4661,52.75,33.52,0.0376,64.46,Good
2019-05-01,Kinna,0.5448,91.95,31.7,0.02,78.74,Good
2019-06-01,Kinna,0.4745,30.48,31.34,0.0309,64.57,Good
2019-07-01,Kinna,0.4242,34.08,29.51,0.0414,60.8,Good
2019-08-01,Kinna,0.3991,20.28,30.27,0.0442,55.5,Moderate
2019-09-01,Kinna,0.3825,17.0,32.14,0.0476,51.54,Moderate
2019-10-01,Kinna,0.4498,78.72,33.22,0.0422,66.87,Good
2019-11-01,Kinna,0.4586,40.26,33.73,0.0358,62.09,Good
2019-12-01,Kinna,0.5641,105.78,31.57,0.0299,78.96,Good
2020-01-01,Kinna,0.4637,14.59,33.07,0.0301,59.96,Moderate
2020-02-01,Kinna,0.3898,10.6,35.3,0.0447,49.11,Moderate
2020-03-01,Kinna,0.4685,72.6,33.86,0.0478,65.41,Good
2020-04-01,Kinna,0.4752,50.31,32.59,0.0402,64.86,Good
2020-05-01,Kinna,0.482,49.28,29.44,0.0306,69.83,Good
2020-06-01,Kinna,0.4125,23.13,30.83,0.044,56.5,Moderate
2020-07-01,Kinna,0.3914,21.29,28.79,0.0383,57.63,Moderate
2020-08-01,Kinna,0.3526,14.14,32.2,0.0434,49.86,Moderate
2020-09-01,Kinna,0.3783,19.57,32.93,0.0321,54.48,Moderate
2020-10-01,Kinna,0.4073,31.99,34.25,0.0389,56.01,Moderate
2020-11-01,Kinna,0.4469,48.09,33.62,0.0436,60.93,Good
2020-12-01,Kinna,0.4029,28.47,36.32,0.0296,55.53,Moderate
2021-01-01,Kinna,0.3676,11.11,36.23,0.0462,46.56,Moderate
2021-02-01,Kinna,0.3526,15.24,36.39,0.0596,43.1,Moderate
2021-03-01,Kinna,0.3862,26.54,35.31,0.0419,52.11,Moderate
2021-04-01,Kinna,0.3899,27.35,32.44,0.0469,53.71,Moderate
2021-05-01,Kinna,0.4042,35.12,34.31,0.0436,55.23,Moderate
2021-06-01,Kinna,0.3575,5.9,32.95,0.0362,49.84,Moderate
2021-07-01,Kinna,0.3566,11.79,31.93,0.0432,50.0,Moderate
2021-08-01,Kinna,0.3485,11.85,32.16,0.0484,48.11,Moderate
2021-09-01,Kinna,0.3534,17.98,33.61,0.0455,48.96,Moderate
2021-10-01,Kinna,0.3832,18.54,33.87,0.0528,49.3,Moderate
2021-11-01,Kinna,0.3884,25.84,32.92,0.0517,51.9,Moderate
2021-12-01,Kinna,0.408,48.28,35.75,0.0441,56.43,Moderate
2022-01-01,Kinna,0.4068,13.47,34.32,0.0473,50.99,Moderate
2022-02-01,Kinna,0.3733,15.06,35.61,0.0363,50.32,Moderate
2022-03-01,Kinna,0.4036,42.4,37.37,0.0355,55.75,Moderate
2022-04-01,Kinna,0.4894,65.35,32.08,0.0173,73.87,Good
2022-05-01,Kinna,0.4397,27.75,32.0,0.0377,59.65,Moderate
2022-06-01,Kinna,0.4014,10.98,32.12,0.0416,53.2,Moderate
2022-07-01,Kinna,0.359,11.82,30.2,0.0422,51.79,Moderate
2022-08-01,Kinna,0.3329,1.64,34.76,0.0377,45.62,Moderate
2022-09-01,Kinna,0.3459,9.31,33.67,0.0435,47.39,Moderate
2022-10-01,Kinna,0.3366,12.5,35.72,0.05,44.19,Moderate
2022-11-01,Kinna,0.4057,43.61,32.88,0.0262,61.77,Good
2022-12-01,Kinna,0.4165,35.43,33.66,0.0417,57.09,Moderate
2023-01-01,Kinna,0.3675,9.63,35.44,0.0417,47.93,Moderate
2023-02-01,Kinna,0.3484,4.65,36.06,0.0515,43.1,Moderate
2023-03-01,Kinna,0.3969,41.98,34.98,0.0432,55.41,Moderate
2023-04-01,Kinna,0.5411,99.78,32.79,0.0287,77.24,Good
2023-05-01,Kinna,0.58,112.23,30.59,0.0207,82.86,Very good
2023-06-01,Kinna,0.4836,25.0,28.52,0.0407,64.38,Good
2023-07-01,Kinna,0.4241,19.39,30.32,0.0429,57.35,Moderate
2023-08-01,Kinna,0.3688,15.11,31.59,0.0386,52.71,Moderate
2023-09-01,Kinna,0.3665,20.48,32.34,0.0381,52.94,Moderate
2023-10-01,Kinna,0.5786,142.36,32.56,0.0271,84.87,Very good
2023-11-01,Kinna,0.58,278.62,30.11,0.024,88.8,Very good
2023-12-01,Kinna,0.58,131.06,33.62,0.0314,81.19,Very good
2024-01-01,Kinna,0.5117,15.04,34.34,0.029,61.81,Good
2024-02-01,Kinna,0.4407,24.1,34.77,0.0436,55.6,Moderate
2024-03-01,Kinna,0.5606,101.14,32.84,0.0214,79.06,Good
2024-04-01,Kinna,0.58,87.73,32.3,0.0322,74.84,Good
2024-05-01,Kinna,0.58,121.56,30.57,0.0187,84.88,Very good
2024-06-01,Kinna,0.5017,18.24,32.05,0.03,63.95,Good
2024-07-01,Kinna,0.418,23.37,28.62,0.0491,57.57,Moderate
2024-08-01,Kinna,0.3913,29.03,31.85,0.0377,56.58,Moderate
2024-09-01,Kinna,0.3857,17.03,33.85,0.0534,49.12,Moderate
2024-10-01,Kinna,0.4544,54.89,31.98,0.0368,65.42,Good
2024-11-01,Kinna,0.58,135.16,32.01,0.0198,85.74,Very good
2024-12-01,Kinna,0.5569,67.4,31.98,0.036,70.86,Good
2025-01-01,Kinna,0.4672,22.33,32.72,0.0323,61.3,Good
2025-02-01,Kinna,0.4206,22.93,32.9,0.0514,53.75,Moderate
2025-03-01,Kinna,0.4563,60.11,34.41,0.0325,65.44,Good
2025-04-01,Kinna,0.5437,85.15,32.91,0.0303,74.36,Good
2025-05-01,Kinna,0.5558,86.67,30.84,0.0166,79.31,Good
2025-06-01,Kinna,0.4713,20.2,30.78,0.0322,62.81,Good
2025-07-01,Kinna,0.4151,19.23,29.45,0.0341,59.35,Moderate
2025-08-01,Kinna,0.376,21.82,30.95,0.045,53.42,Moderate
2025-09-01,Kinna,0.3884,15.5,32.88,0.034,54.14,Moderate
2025-10-01,Kinna,0.4641,62.15,33.28,0.0374,66.14,Good
2025-11-01,Kinna,0.58,129.68,31.53,0.0182,85.56,Very good
2025-12-01,Kinna,0.58,98.0,33.07,0.0167,79.38,Good
2026-01-01,Kinna,0.4765,15.73,36.02,0.03,58.71,Moderate
2026-02-01,Kinna,0.3932,7.02,34.54,0.0446,49.37,Moderate
2026-03-01,Kinna,0.4614,60.11,34.14,0.0309,66.37,Good
2026-04-01,Kinna,0.4675,53.61,31.45,0.0393,65.99,Good
2026-05-01,Kinna,0.4945,47.68,29.58,0.0284,70.81,Good
2019-01-01,Ngare Mara,0.03,24.92,34.83,0.0721,20.58,Poor
2019-02-01,Ngare Mara,0.03,15.81,34.82,0.0834,16.57,Very poor
2019-03-01,Ngare Mara,0.03,63.5,33.47,0.079,26.58,Poor
2019-04-01,Ngare Mara,0.1618,145.93,31.09,0.0727,52.85,Moderate
2019-05-01,Ngare Mara,0.1359,82.7,31.31,0.0744,39.93,Poor
2019-06-01,Ngare Mara,0.036,27.2,29.21,0.0873,22.5,Poor
2019-07-01,Ngare Mara,0.03,12.06,31.09,0.0855,18.45,Very poor
2019-08-01,Ngare Mara,0.03,18.91,30.57,0.0706,23.34,Poor
2019-09-01,Ngare Mara,0.03,15.58,28.38,0.0799,22.47,Poor
2019-10-01,Ngare Mara,0.03,103.06,32.54,0.0767,34.42,Poor
2019-11-01,Ngare Mara,0.1659,122.28,33.09,0.0701,48.16,Moderate
2019-12-01,Ngare Mara,0.104,73.94,33.83,0.0657,36.15,Poor
2020-01-01,Ngare Mara,0.03,22.25,35.22,0.0824,17.55,Very poor
2020-02-01,Ngare Mara,0.03,21.17,36.46,0.0873,15.28,Very poor
2020-03-01,Ngare Mara,0.03,49.29,32.0,0.0757,26.12,Poor
2020-04-01,Ngare Mara,0.1101,117.09,30.13,0.0798,43.6,Moderate
2020-05-01,Ngare Mara,0.0599,53.16,34.18,0.0747,27.35,Poor
2020-06-01,Ngare Mara,0.03,33.98,31.21,0.0761,24.11,Poor
2020-07-01,Ngare Mara,0.03,16.46,30.96,0.0915,17.96,Very poor
2020-08-01,Ngare Mara,0.03,28.67,30.29,0.0849,21.99,Poor
2020-09-01,Ngare Mara,0.03,24.07,32.11,0.0729,22.44,Poor
2020-10-01,Ngare Mara,0.03,13.27,34.9,0.0807,16.68,Very poor
2020-11-01,Ngare Mara,0.03,42.91,33.36,0.0829,22.37,Poor
2020-12-01,Ngare Mara,0.03,31.25,35.16,0.0746,20.84,Poor
2021-01-01,Ngare Mara,0.03,12.95,35.73,0.0706,18.21,Very poor
2021-02-01,Ngare Mara,0.03,11.76,36.11,0.0831,14.93,Very poor
2021-03-01,Ngare Mara,0.03,24.62,34.33,0.0765,19.96,Very poor
2021-04-01,Ngare Mara,0.03,43.76,33.11,0.0772,23.96,Poor
2021-05-01,Ngare Mara,0.03,31.09,30.45,0.0823,22.86,Poor
2021-06-01,Ngare Mara,0.03,10.24,32.17,0.0904,16.2,Very poor
2021-07-01,Ngare Mara,0.03,8.27,30.35,0.0903,17.36,Very poor
2021-08-01,Ngare Mara,0.03,3.72,31.81,0.0849,16.63,Very poor
2021-09-01,Ngare Mara,0.03,6.86,32.89,0.0865,15.93,Very poor
2021-10-01,Ngare Mara,0.03,23.56,35.09,0.0795,18.5,Very poor
2021-11-01,Ngare Mara,0.03,53.98,34.07,0.0946,21.03,Poor
2021-12-01,Ngare Mara,0.03,29.06,33.6,0.0866,19.04,Very poor
2022-01-01,Ngare Mara,0.03,8.02,34.09,0.0832,15.89,Very poor
2022-02-01,Ngare Mara,0.03,0.17,36.66,0.0923,10.52,Very poor
2022-03-01,Ngare Mara,0.03,27.56,38.03,0.089,14.7,Very poor
2022-04-01,Ngare Mara,0.03,31.97,36.05,0.0821,18.56,Very poor
2022-05-01,Ngare Mara,0.03,25.49,32.84,0.0782,20.92,Poor
2022-06-01,Ngare Mara,0.03,9.42,31.71,0.0765,19.52,Very poor
2022-07-01,Ngare Mara,0.03,10.55,31.4,0.0802,19.14,Very poor
2022-08-01,Ngare Mara,0.03,8.23,32.7,0.0886,15.85,Very poor
2022-09-01,Ngare Mara,0.03,9.67,33.83,0.0865,15.64,Very poor
2022-10-01,Ngare Mara,0.03,34.71,34.22,0.0933,17.99,Very poor
2022-11-01,Ngare Mara,0.03,41.28,33.43,0.0776,23.21,Poor
2022-12-01,Ngare Mara,0.03,42.67,32.39,0.0706,25.84,Poor
2023-01-01,Ngare Mara,0.03,5.24,37.89,0.0769,13.79,Very poor
2023-02-01,Ngare Mara,0.03,7.7,35.35,0.0704,17.67,Very poor
2023-03-01,Ngare Mara,0.03,28.21,36.33,0.0749,19.32,Very poor
2023-04-01,Ngare Mara,0.03,79.35,31.51,0.0728,32.15,Poor
2023-05-01,Ngare Mara,0.0379,64.99,31.2,0.0765,29.75,Poor
2023-06-01,Ngare Mara,0.03,24.03,28.93,0.0802,23.36,Poor
2023-07-01,Ngare Mara,0.03,9.96,29.56,0.0794,20.69,Poor
2023-08-01,Ngare Mara,0.03,22.81,30.98,0.0896,19.42,Very poor
2023-09-01,Ngare Mara,0.03,24.97,30.29,0.0743,23.74,Poor
2023-10-01,Ngare Mara,0.1479,192.53,31.91,0.0714,52.17,Moderate
2023-11-01,Ngare Mara,0.2136,174.0,31.15,0.0671,58.33,Moderate
2023-12-01,Ngare Mara,0.2546,155.71,33.17,0.0487,63.69,Good
2024-01-01,Ngare Mara,0.0623,12.89,33.12,0.0751,21.54,Poor
2024-02-01,Ngare Mara,0.03,27.11,34.75,0.0861,17.92,Very poor
2024-03-01,Ngare Mara,0.0474,82.51,32.47,0.0735,32.99,Poor
2024-04-01,Ngare Mara,0.0834,77.77,33.83,0.0775,32.74,Poor
2024-05-01,Ngare Mara,0.1333,107.75,30.95,0.0741,44.29,Moderate
2024-06-01,Ngare Mara,0.0389,26.58,29.4,0.0796,24.16,Poor
2024-07-01,Ngare Mara,0.03,21.89,28.26,0.0835,22.81,Poor
2024-08-01,Ngare Mara,0.03,18.19,30.83,0.0846,19.89,Very poor
2024-09-01,Ngare Mara,0.03,33.74,32.51,0.0948,18.87,Very poor
2024-10-01,Ngare Mara,0.0395,86.67,32.89,0.0761,32.2,Poor
2024-11-01,Ngare Mara,0.1417,115.23,31.31,0.0713,46.47,Moderate
2024-12-01,Ngare Mara,0.159,112.0,31.98,0.0746,45.87,Moderate
2025-01-01,Ngare Mara,0.0525,25.9,34.5,0.0806,20.71,Poor
2025-02-01,Ngare Mara,0.03,24.46,34.12,0.084,18.44,Very poor
2025-03-01,Ngare Mara,0.0814,99.6,35.73,0.0799,34.19,Poor
2025-04-01,Ngare Mara,0.1626,111.93,32.19,0.0562,50.01,Moderate
2025-05-01,Ngare Mara,0.0376,36.68,30.84,0.0784,24.88,Poor
2025-06-01,Ngare Mara,0.03,17.78,30.92,0.0735,22.23,Poor
2025-07-01,Ngare Mara,0.03,21.86,31.12,0.0801,21.28,Poor
2025-08-01,Ngare Mara,0.03,16.09,31.26,0.083,19.56,Very poor
2025-09-01,Ngare Mara,0.03,19.46,32.49,0.0771,20.45,Poor
2025-10-01,Ngare Mara,0.03,60.75,32.15,0.0826,26.37,Poor
2025-11-01,Ngare Mara,0.1094,108.44,31.58,0.069,43.35,Moderate
2025-12-01,Ngare Mara,0.0519,55.31,32.19,0.0874,25.91,Poor
2026-01-01,Ngare Mara,0.03,14.03,33.02,0.0702,20.65,Poor
2026-02-01,Ngare Mara,0.03,9.71,33.97,0.0902,14.73,Very poor
2026-03-01,Ngare Mara,0.03,65.62,33.57,0.0764,27.42,Poor
2026-04-01,Ngare Mara,0.0662,76.54,30.57,0.0811,33.14,Poor
2026-05-01,Ngare Mara,0.0789,75.94,29.74,0.0739,36.18,Poor
2019-01-01,Oldonyiro,0.03,29.15,34.64,0.0743,20.96,Poor
2019-02-01,Oldonyiro,0.03,17.03,33.66,0.0747,19.62,Very poor
2019-03-01,Oldonyiro,0.0716,86.97,34.54,0.0872,30.72,Poor
2019-04-01,Oldonyiro,0.1211,88.93,31.44,0.071,40.58,Moderate
2019-05-01,Oldonyiro,0.1778,94.94,31.03,0.0659,47.04,Moderate
2019-06-01,Oldonyiro,0.0725,27.97,30.33,0.0786,26.23,Poor
2019-07-01,Oldonyiro,0.03,16.12,29.73,0.0805,21.34,Poor
2019-08-01,Oldonyiro,0.03,14.86,31.16,0.082,19.64,Very poor
2019-09-01,Oldonyiro,0.03,25.28,32.25,0.0732,22.47,Poor
2019-10-01,Oldonyiro,0.03,51.67,31.57,0.0806,25.76,Poor
2019-11-01,Oldonyiro,0.1119,98.3,30.61,0.0674,42.98,Moderate
2019-12-01,Oldonyiro,0.1765,107.44,31.32,0.0494,52.45,Moderate
2020-01-01,Oldonyiro,0.0582,12.61,34.11,0.0787,19.61,Very poor
2020-02-01,Oldonyiro,0.03,22.87,35.58,0.08,17.89,Very poor
2020-03-01,Oldonyiro,0.0515,65.86,33.59,0.0887,26.22,Poor
2020-04-01,Oldonyiro,0.1165,77.37,31.59,0.074,37.56,Poor
2020-05-01,Oldonyiro,0.0712,53.11,32.27,0.0854,27.26,Poor
2020-06-01,Oldonyiro,0.03,23.09,31.08,0.0819,21.11,Poor
2020-07-01,Oldonyiro,0.03,15.18,29.22,0.0803,21.64,Poor
2020-08-01,Oldonyiro,0.03,13.69,29.21,0.0925,18.68,Very poor
2020-09-01,Oldonyiro,0.03,11.38,30.68,0.0857,18.62,Very poor
2020-10-01,Oldonyiro,0.03,41.37,35.18,0.0818,20.9,Poor
2020-11-01,Oldonyiro,0.0346,52.53,34.02,0.0835,23.62,Poor
2020-12-01,Oldonyiro,0.0392,50.92,35.62,0.0808,22.99,Poor
2021-01-01,Oldonyiro,0.03,7.11,37.9,0.0807,13.25,Very poor
2021-02-01,Oldonyiro,0.03,8.44,37.23,0.0697,16.46,Very poor
2021-03-01,Oldonyiro,0.03,22.97,36.92,0.0822,16.34,Very poor
2021-04-01,Oldonyiro,0.03,44.16,33.33,0.0746,24.45,Poor
2021-05-01,Oldonyiro,0.03,41.76,32.76,0.0829,22.66,Poor
2021-06-01,Oldonyiro,0.03,14.67,30.08,0.074,22.26,Poor
2021-07-01,Oldonyiro,0.03,11.75,28.62,0.0784,21.96,Poor
2021-08-01,Oldonyiro,0.03,5.55,33.39,0.0815,16.42,Very poor
2021-09-01,Oldonyiro,0.03,18.13,33.17,0.0777,19.54,Very poor
2021-10-01,Oldonyiro,0.03,35.97,33.95,0.084,20.49,Poor
2021-11-01,Oldonyiro,0.03,46.57,31.96,0.0822,24.25,Poor
2021-12-01,Oldonyiro,0.03,36.54,33.92,0.0838,20.66,Poor
2022-01-01,Oldonyiro,0.03,8.16,34.16,0.0873,14.95,Very poor
2022-02-01,Oldonyiro,0.03,6.44,35.37,0.0805,15.2,Very poor
2022-03-01,Oldonyiro,0.03,43.85,36.59,0.066,23.69,Poor
2022-04-01,Oldonyiro,0.03,13.15,33.98,0.0846,16.52,Very poor
2022-05-01,Oldonyiro,0.03,14.89,32.17,0.0867,17.8,Very poor
2022-06-01,Oldonyiro,0.03,13.07,30.77,0.086,18.78,Very poor
2022-07-01,Oldonyiro,0.03,5.26,31.03,0.0823,18.09,Very poor
2022-08-01,Oldonyiro,0.03,4.51,33.31,0.0819,16.23,Very poor
2022-09-01,Oldonyiro,0.03,16.81,32.32,0.0754,20.5,Poor
2022-10-01,Oldonyiro,0.03,20.46,32.51,0.0674,22.75,Poor
2022-11-01,Oldonyiro,0.0304,53.83,31.0,0.0829,26.1,Poor
2022-12-01,Oldonyiro,0.03,45.48,34.97,0.0917,19.55,Very poor
2023-01-01,Oldonyiro,0.03,18.58,35.51,0.0827,16.62,Very poor
2023-02-01,Oldonyiro,0.03,5.75,34.07,0.0849,15.16,Very poor
2023-03-01,Oldonyiro,0.03,27.81,35.0,0.0881,17.38,Very poor
2023-04-01,Oldonyiro,0.1745,144.59,32.13,0.0712,53.01,Moderate
2023-05-01,Oldonyiro,0.1991,108.38,29.7,0.0547,54.31,Moderate
2023-06-01,Oldonyiro,0.077,16.72,32.62,0.0779,23.0,Poor
2023-07-01,Oldonyiro,0.03,25.78,29.38,0.0876,21.66,Poor
2023-08-01,Oldonyiro,0.03,23.41,32.21,0.0881,18.87,Very poor
2023-09-01,Oldonyiro,0.03,28.81,32.84,0.0866,19.6,Very poor
2023-10-01,Oldonyiro,0.1804,205.11,32.12,0.075,53.48,Moderate
2023-11-01,Oldonyiro,0.2498,267.06,30.16,0.058,63.68,Good
2023-12-01,Oldonyiro,0.2943,243.77,31.86,0.0555,66.0,Good
2024-01-01,Oldonyiro,0.1178,27.97,33.39,0.0669,29.56,Poor
2024-02-01,Oldonyiro,0.0466,22.02,35.98,0.0727,20.22,Poor
2024-03-01,Oldonyiro,0.0992,89.15,34.07,0.0681,37.63,Poor
2024-04-01,Oldonyiro,0.1421,99.02,33.22,0.0654,43.57,Moderate
2024-05-01,Oldonyiro,0.1478,75.06,31.52,0.0716,39.95,Poor
2024-06-01,Oldonyiro,0.0404,21.16,29.94,0.0712,24.81,Poor
2024-07-01,Oldonyiro,0.03,28.66,29.87,0.0804,23.33,Poor
2024-08-01,Oldonyiro,0.03,8.39,30.9,0.077,19.88,Very poor
2024-09-01,Oldonyiro,0.03,20.31,29.59,0.0877,20.54,Poor
2024-10-01,Oldonyiro,0.0396,54.32,31.39,0.0812,26.9,Poor
2024-11-01,Oldonyiro,0.1217,95.71,31.6,0.0639,43.21,Moderate
2024-12-01,Oldonyiro,0.1122,78.16,32.47,0.0707,37.41,Poor
2025-01-01,Oldonyiro,0.03,24.29,34.68,0.0797,18.91,Very poor
2025-02-01,Oldonyiro,0.03,12.86,33.54,0.079,18.09,Very poor
2025-03-01,Oldonyiro,0.03,56.94,33.05,0.0673,28.41,Poor
2025-04-01,Oldonyiro,0.1088,90.71,30.43,0.078,39.28,Poor
2025-05-01,Oldonyiro,0.1316,80.55,30.34,0.066,41.93,Moderate
2025-06-01,Oldonyiro,0.0574,23.11,30.35,0.0708,26.08,Poor
2025-07-01,Oldonyiro,0.03,13.63,29.65,0.0873,19.47,Very poor
2025-08-01,Oldonyiro,0.03,19.37,30.08,0.073,23.26,Poor
2025-09-01,Oldonyiro,0.03,19.07,32.71,0.0902,17.29,Very poor
2025-10-01,Oldonyiro,0.0507,79.45,34.25,0.0748,31.0,Poor
2025-11-01,Oldonyiro,0.221,135.16,30.84,0.0566,58.97,Moderate
2025-12-01,Oldonyiro,0.1629,73.46,32.91,0.077,38.44,Poor
2026-01-01,Oldonyiro,0.0602,26.42,35.03,0.077,21.7,Poor
2026-02-01,Oldonyiro,0.03,8.29,33.16,0.0778,17.88,Very poor
2026-03-01,Oldonyiro,0.0575,76.06,34.92,0.0785,29.55,Poor
2026-04-01,Oldonyiro,0.11,86.5,34.25,0.0646,38.58,Poor
2026-05-01,Oldonyiro,0.1927,94.46,30.34,0.0701,47.61,Moderate
2019-01-01,Sericho,0.0458,20.81,32.67,0.0722,22.72,Poor
2019-02-01,Sericho,0.0607,14.46,35.51,0.0811,18.46,Very poor
2019-03-01,Sericho,0.2056,100.16,32.15,0.0658,48.97,Moderate
2019-04-01,Sericho,0.3146,120.05,31.78,0.0442,65.01,Good
2019-05-01,Sericho,0.3084,87.14,31.37,0.0464,58.93,Moderate
2019-06-01,Sericho,0.2085,32.39,30.31,0.0592,40.81,Moderate
2019-07-01,Sericho,0.1471,28.67,28.0,0.0759,34.03,Poor
2019-08-01,Sericho,0.0788,6.34,29.41,0.0705,25.61,Poor
2019-09-01,Sericho,0.0898,26.37,31.24,0.0757,27.09,Poor
2019-10-01,Sericho,0.161,64.49,32.73,0.066,39.38,Poor
2019-11-01,Sericho,0.2331,93.42,33.62,0.0506,51.97,Moderate
2019-12-01,Sericho,0.2567,67.69,32.55,0.0452,51.38,Moderate
2020-01-01,Sericho,0.157,16.8,36.76,0.0602,29.22,Poor
2020-02-01,Sericho,0.119,25.88,35.31,0.0756,25.81,Poor
2020-03-01,Sericho,0.2261,95.44,34.34,0.059,49.37,Moderate
2020-04-01,Sericho,0.281,109.36,29.89,0.0481,61.52,Good
2020-05-01,Sericho,0.3595,110.57,33.05,0.0539,63.39,Good
2020-06-01,Sericho,0.2043,29.68,29.99,0.0601,40.12,Moderate
2020-07-01,Sericho,0.1344,13.33,30.55,0.0726,29.29,Poor
2020-08-01,Sericho,0.1112,19.19,29.57,0.0764,28.57,Poor
2020-09-01,Sericho,0.0893,20.87,31.82,0.0756,25.69,Poor
2020-10-01,Sericho,0.1036,37.48,35.87,0.0801,25.22,Poor
2020-11-01,Sericho,0.139,47.52,33.06,0.0686,34.18,Poor
2020-12-01,Sericho,0.1256,36.2,34.79,0.06,31.89,Poor
2021-01-01,Sericho,0.0903,6.77,35.33,0.069,22.07,Poor
2021-02-01,Sericho,0.0657,10.2,34.88,0.0717,20.7,Poor
2021-03-01,Sericho,0.0946,31.05,37.06,0.081,22.36,Poor
2021-04-01,Sericho,0.1234,36.44,31.85,0.0687,32.19,Poor
2021-05-01,Sericho,0.1114,31.07,34.31,0.0769,26.66,Poor
2021-06-01,Sericho,0.0748,13.09,32.22,0.0741,23.41,Poor
2021-07-01,Sericho,0.0884,15.78,32.09,0.0812,23.32,Poor
2021-08-01,Sericho,0.0492,9.26,34.37,0.0874,16.3,Very poor
2021-09-01,Sericho,0.0504,6.69,31.27,0.0783,20.45,Poor
2021-10-01,Sericho,0.0721,28.41,35.36,0.0748,23.1,Poor
2021-11-01,Sericho,0.0884,29.74,31.76,0.0879,24.43,Poor
2021-12-01,Sericho,0.0933,23.24,34.7,0.0794,23.21,Poor
2022-01-01,Sericho,0.0688,10.74,34.57,0.0782,19.8,Very poor
2022-02-01,Sericho,0.0567,10.36,38.07,0.0686,18.23,Very poor
2022-03-01,Sericho,0.1323,48.91,36.25,0.0768,29.57,Poor
2022-04-01,Sericho,0.1359,42.78,34.18,0.078,30.19,Poor
2022-05-01,Sericho,0.1174,24.26,30.81,0.071,30.05,Poor
2022-06-01,Sericho,0.0781,5.78,31.64,0.0748,22.72,Poor
2022-07-01,Sericho,0.0611,7.11,31.71,0.0863,19.15,Very poor
2022-08-01,Sericho,0.0553,8.27,30.74,0.0801,21.09,Poor
2022-09-01,Sericho,0.0678,14.17,33.02,0.0786,21.46,Poor
2022-10-01,Sericho,0.1088,35.69,33.75,0.0701,29.22,Poor
2022-11-01,Sericho,0.1238,40.91,32.74,0.0732,31.24,Poor
2022-12-01,Sericho,0.1068,22.75,34.72,0.073,25.49,Poor
2023-01-01,Sericho,0.0415,3.68,35.84,0.0787,15.57,Very poor
2023-02-01,Sericho,0.0426,6.25,38.39,0.0781,14.19,Very poor
2023-03-01,Sericho,0.0994,28.73,35.99,0.0685,25.96,Poor
2023-04-01,Sericho,0.2193,108.69,33.59,0.0665,50.03,Moderate
2023-05-01,Sericho,0.2627,76.8,31.09,0.0565,51.99,Moderate
2023-06-01,Sericho,0.1764,30.11,29.83,0.0759,34.85,Poor
2023-07-01,Sericho,0.1354,23.8,30.13,0.0672,32.63,Poor
2023-08-01,Sericho,0.0965,22.95,29.71,0.0722,28.99,Poor
2023-09-01,Sericho,0.1059,36.23,31.72,0.0771,29.15,Poor
2023-10-01,Sericho,0.2795,124.73,31.13,0.0609,60.14,Good
2023-11-01,Sericho,0.3768,189.92,31.6,0.0505,73.11,Good
2023-12-01,Sericho,0.4386,142.27,30.36,0.0406,79.32,Good
2024-01-01,Sericho,0.2423,15.96,33.19,0.0474,40.76,Moderate
2024-02-01,Sericho,0.1644,32.68,35.13,0.0721,31.06,Poor
2024-03-01,Sericho,0.212,84.36,34.15,0.0617,46.09,Moderate
2024-04-01,Sericho,0.3133,113.07,32.05,0.0528,61.63,Good
2024-05-01,Sericho,0.2886,79.38,31.26,0.0478,56.03,Moderate
2024-06-01,Sericho,0.209,27.55,30.09,0.0581,40.47,Moderate
2024-07-01,Sericho,0.1179,20.33,28.34,0.0721,31.17,Poor
2024-08-01,Sericho,0.1222,33.21,31.41,0.0731,30.93,Poor
2024-09-01,Sericho,0.1221,32.31,31.63,0.0725,30.75,Poor
2024-10-01,Sericho,0.1872,78.59,31.14,0.0633,45.44,Moderate
2024-11-01,Sericho,0.3556,137.01,32.13,0.0428,70.75,Good
2024-12-01,Sericho,0.2812,69.72,35.11,0.0667,46.61,Moderate
2025-01-01,Sericho,0.1605,24.12,35.42,0.0651,30.67,Poor
2025-02-01,Sericho,0.1186,23.46,34.66,0.0771,25.58,Poor
2025-03-01,Sericho,0.1586,49.94,34.14,0.0662,35.62,Poor
2025-04-01,Sericho,0.2704,104.04,31.96,0.0609,55.38,Moderate
2025-05-01,Sericho,0.2655,77.5,30.98,0.0426,55.47,Moderate
2025-06-01,Sericho,0.1979,38.71,31.43,0.0633,39.31,Poor
2025-07-01,Sericho,0.1092,11.93,28.04,0.0703,29.81,Poor
2025-08-01,Sericho,0.1256,18.22,30.77,0.0809,27.47,Poor
2025-09-01,Sericho,0.1022,34.78,32.4,0.0874,25.83,Poor
2025-10-01,Sericho,0.1613,56.07,32.14,0.0651,38.69,Poor
2025-11-01,Sericho,0.237,91.13,31.58,0.0676,49.71,Moderate
2025-12-01,Sericho,0.2442,65.89,34.14,0.0644,44.67,Moderate
2026-01-01,Sericho,0.1446,20.93,31.64,0.0623,32.68,Poor
2026-02-01,Sericho,0.1418,35.71,33.68,0.0814,29.06,Poor
2026-03-01,Sericho,0.2216,84.75,34.85,0.0627,46.05,Moderate
2026-04-01,Sericho,0.3258,116.99,32.35,0.0431,65.07,Good
2026-05-01,Sericho,0.2895,69.77,31.1,0.0523,53.62,Moderate
2019-01-01,Wabera,0.071,28.55,35.75,0.0814,21.27,Poor
2019-02-01,Wabera,0.049,12.21,35.31,0.072,19.43,Very poor
2019-03-01,Wabera,0.1484,62.37,31.71,0.0815,35.52,Poor
2019-04-01,Wabera,0.2521,96.74,31.84,0.0538,54.57,Moderate
2019-05-01,Wabera,0.2426,80.36,30.48,0.0533,52.36,Moderate
2019-06-01,Wabera,0.121,0.0,31.04,0.0706,26.17,Poor
2019-07-01,Wabera,0.087,27.97,30.83,0.0761,27.4,Poor
2019-08-01,Wabera,0.104,28.95,31.31,0.0693,29.89,Poor
2019-09-01,Wabera,0.1224,28.7,32.12,0.0663,31.14,Poor
2019-10-01,Wabera,0.1487,52.66,32.07,0.0632,37.71,Poor
2019-11-01,Wabera,0.2353,88.38,32.5,0.0755,46.65,Moderate
2019-12-01,Wabera,0.2747,92.14,31.71,0.0592,54.29,Moderate
2020-01-01,Wabera,0.1794,24.47,34.55,0.0674,32.23,Poor
2020-02-01,Wabera,0.1224,17.74,34.3,0.0709,26.56,Poor
2020-03-01,Wabera,0.1566,53.81,35.5,0.0705,34.08,Poor
2020-04-01,Wabera,0.2174,83.51,33.58,0.064,46.27,Moderate
2020-05-01,Wabera,0.2041,46.01,31.54,0.0641,40.69,Moderate
2020-06-01,Wabera,0.1056,17.68,30.62,0.0674,29.08,Poor
2020-07-01,Wabera,0.095,17.01,32.89,0.0792,23.8,Poor
2020-08-01,Wabera,0.0976,15.31,31.21,0.0748,26.01,Poor
2020-09-01,Wabera,0.0957,29.42,33.28,0.0702,27.59,Poor
2020-10-01,Wabera,0.1182,32.1,34.79,0.0852,25.08,Poor
2020-11-01,Wabera,0.1461,42.67,33.29,0.0726,32.79,Poor
2020-12-01,Wabera,0.1473,47.55,34.19,0.064,34.89,Poor
2021-01-01,Wabera,0.1107,9.82,38.45,0.0696,21.37,Poor
2021-02-01,Wabera,0.0785,13.41,36.74,0.081,18.56,Very poor
2021-03-01,Wabera,0.0908,29.44,34.74,0.0808,23.73,Poor
2021-04-01,Wabera,0.1707,64.37,33.92,0.0597,40.5,Moderate
2021-05-01,Wabera,0.1393,31.38,30.73,0.0604,35.21,Poor
2021-06-01,Wabera,0.0962,10.91,31.05,0.0805,24.04,Poor
2021-07-01,Wabera,0.0758,6.94,29.54,0.0748,24.43,Poor
2021-08-01,Wabera,0.035,11.25,31.16,0.0813,19.55,Very poor
2021-09-01,Wabera,0.03,4.04,32.61,0.0802,17.08,Very poor
2021-10-01,Wabera,0.1169,47.79,31.24,0.0644,35.06,Poor
2021-11-01,Wabera,0.1043,32.07,34.05,0.0755,26.86,Poor
2021-12-01,Wabera,0.1181,39.34,34.45,0.0782,28.1,Poor
2022-01-01,Wabera,0.0627,5.24,34.99,0.0752,18.79,Very poor
2022-02-01,Wabera,0.053,6.24,37.35,0.0759,16.23,Very poor
2022-03-01,Wabera,0.1064,42.15,37.69,0.0827,24.16,Poor
2022-04-01,Wabera,0.1346,42.73,34.68,0.0696,31.55,Poor
2022-05-01,Wabera,0.1551,43.87,34.21,0.0709,33.28,Poor
2022-06-01,Wabera,0.1238,15.99,30.81,0.059,31.8,Poor
2022-07-01,Wabera,0.0782,6.6,32.39,0.0842,20.18,Poor
2022-08-01,Wabera,0.0761,16.25,30.73,0.07,26.13,Poor
2022-09-01,Wabera,0.0575,11.11,33.58,0.0885,17.57,Very poor
2022-10-01,Wabera,0.0887,21.15,33.43,0.0781,23.85,Poor
2022-11-01,Wabera,0.2424,88.52,32.91,0.0509,52.31,Moderate
2022-12-01,Wabera,0.1279,14.11,34.54,0.0791,24.32,Poor
2023-01-01,Wabera,0.0883,9.22,35.62,0.0837,18.85,Very poor
2023-02-01,Wabera,0.0707,11.3,36.29,0.0716,20.11,Poor
2023-03-01,Wabera,0.0694,20.82,35.08,0.0704,22.84,Poor
2023-04-01,Wabera,0.259,122.77,31.52,0.0484,60.84,Good
2023-05-01,Wabera,0.2989,89.42,31.68,0.0604,55.28,Moderate
2023-06-01,Wabera,0.1864,16.22,31.44,0.0588,35.75,Poor
2023-07-01,Wabera,0.0906,13.35,29.2,0.0785,25.97,Poor
2023-08-01,Wabera,0.0937,7.91,29.1,0.0616,29.13,Poor
2023-09-01,Wabera,0.1175,36.97,30.94,0.0661,33.16,Poor
2023-10-01,Wabera,0.2964,180.04,29.98,0.0519,68.45,Good
2023-11-01,Wabera,0.3928,212.14,31.54,0.0328,78.2,Good
2023-12-01,Wabera,0.4277,161.19,30.76,0.0372,80.28,Very good
2024-01-01,Wabera,0.2235,16.16,35.0,0.0593,35.37,Poor
2024-02-01,Wabera,0.1134,14.83,35.19,0.0748,23.87,Poor
2024-03-01,Wabera,0.1749,51.49,32.62,0.0604,39.51,Poor
2024-04-01,Wabera,0.1412,24.37,33.12,0.0707,29.96,Poor
2024-05-01,Wabera,0.1561,59.13,30.83,0.0732,38.07,Poor
2024-06-01,Wabera,0.1197,20.36,31.29,0.0689,29.65,Poor
2024-07-01,Wabera,0.1195,27.14,29.42,0.0692,32.2,Poor
2024-08-01,Wabera,0.109,28.38,31.87,0.0731,28.84,Poor
2024-09-01,Wabera,0.0832,17.07,31.53,0.0768,24.61,Poor
2024-10-01,Wabera,0.1492,55.06,32.35,0.0726,35.84,Poor
2024-11-01,Wabera,0.2135,75.53,30.98,0.0618,47.23,Moderate
2024-12-01,Wabera,0.2502,73.92,31.82,0.051,51.26,Moderate
2025-01-01,Wabera,0.1336,11.98,33.94,0.0701,26.83,Poor
2025-02-01,Wabera,0.0907,14.98,35.1,0.0698,23.48,Poor
2025-03-01,Wabera,0.205,77.69,33.89,0.0642,44.14,Moderate
2025-04-01,Wabera,0.2381,87.37,33.31,0.0625,48.91,Moderate
2025-05-01,Wabera,0.1835,25.07,32.6,0.0637,35.01,Poor
2025-06-01,Wabera,0.1413,26.77,30.14,0.061,34.91,Poor
2025-07-01,Wabera,0.1118,19.62,30.61,0.0777,27.56,Poor
2025-08-01,Wabera,0.0913,21.04,30.94,0.0732,27.09,Poor
2025-09-01,Wabera,0.095,26.18,33.36,0.0715,26.65,Poor
2025-10-01,Wabera,0.1164,40.59,33.85,0.0614,32.42,Poor
2025-11-01,Wabera,0.1792,67.09,31.83,0.0556,44.13,Moderate
2025-12-01,Wabera,0.2817,99.41,32.7,0.043,58.79,Moderate
2026-01-01,Wabera,0.1783,17.03,34.41,0.0606,32.54,Poor
2026-02-01,Wabera,0.1179,15.81,36.88,0.062,25.82,Poor
2026-03-01,Wabera,0.1642,59.06,33.82,0.0643,38.23,Poor
2026-04-01,Wabera,0.2103,88.86,30.49,0.0583,50.4,Moderate
2026-05-01,Wabera,0.1857,56.0,29.31,0.0719,41.14,Moderate
2019-01-01,Butiye,0.0572,9.15,32.4,0.0732,21.55,Poor
2019-02-01,Butiye,0.0662,11.81,32.67,0.0822,20.42,Poor
2019-03-01,Butiye,0.1534,48.73,31.51,0.0566,39.3,Poor
2019-04-01,Butiye,0.3093,93.41,30.12,0.0581,58.44,Moderate
2019-05-01,Butiye,0.2936,56.7,28.86,0.0443,55.29,Moderate
2019-06-01,Butiye,0.1879,19.55,27.54,0.0676,37.58,Poor
2019-07-01,Butiye,0.1652,27.17,26.94,0.0581,39.85,Poor
2019-08-01,Butiye,0.1272,10.46,28.39,0.0743,29.65,Poor
2019-09-01,Butiye,0.1303,17.47,30.23,0.0863,26.89,Poor
2019-10-01,Butiye,0.1925,52.14,30.76,0.0613,42.15,Moderate
2019-11-01,Butiye,0.2833,73.22,28.6,0.0524,55.73,Moderate
2019-12-01,Butiye,0.3199,76.26,30.37,0.046,58.8,Moderate
2020-01-01,Butiye,0.1765,8.58,30.79,0.0699,31.83,Poor
2020-02-01,Butiye,0.1432,14.19,32.05,0.0701,29.4,Poor
2020-03-01,Butiye,0.1875,47.89,32.47,0.0678,38.27,Poor
2020-04-01,Butiye,0.2588,71.54,29.13,0.0569,52.31,Moderate
2020-05-01,Butiye,0.3261,79.92,28.81,0.0432,61.72,Good
2020-06-01,Butiye,0.2163,24.03,26.88,0.0646,41.5,Moderate
2020-07-01,Butiye,0.1797,21.94,27.67,0.067,37.44,Poor
2020-08-01,Butiye,0.1215,11.6,26.82,0.0717,31.27,Poor
2020-09-01,Butiye,0.1077,11.3,29.92,0.0794,26.06,Poor
2020-10-01,Butiye,0.1163,22.39,33.38,0.0715,27.52,Poor
2020-11-01,Butiye,0.1282,24.39,31.58,0.0783,28.6,Poor
2020-12-01,Butiye,0.1593,33.11,32.37,0.0786,31.54,Poor
2021-01-01,Butiye,0.1055,10.27,34.06,0.0692,24.68,Poor
2021-02-01,Butiye,0.1117,10.71,32.86,0.0716,25.62,Poor
2021-03-01,Butiye,0.1031,12.78,30.86,0.0813,24.82,Poor
2021-04-01,Butiye,0.2006,53.36,30.46,0.0615,43.13,Moderate
2021-05-01,Butiye,0.1815,29.95,30.28,0.0674,36.72,Poor
2021-06-01,Butiye,0.1108,5.73,29.48,0.0704,27.69,Poor
2021-07-01,Butiye,0.0986,7.75,30.64,0.0836,23.33,Poor
2021-08-01,Butiye,0.0811,3.67,29.4,0.0656,26.42,Poor
2021-09-01,Butiye,0.0665,8.93,29.11,0.0757,24.25,Poor
2021-10-01,Butiye,0.1128,27.16,31.33,0.0783,28.18,Poor
2021-11-01,Butiye,0.1499,42.89,29.37,0.0709,36.61,Poor
2021-12-01,Butiye,0.1453,22.67,32.77,0.0722,29.9,Poor
2022-01-01,Butiye,0.0987,2.75,36.23,0.0868,17.32,Very poor
2022-02-01,Butiye,0.0747,0.06,34.17,0.0841,17.45,Very poor
2022-03-01,Butiye,0.1271,38.64,31.11,0.0759,31.81,Poor
2022-04-01,Butiye,0.1669,36.52,30.16,0.0539,39.88,Poor
2022-05-01,Butiye,0.1427,18.63,30.39,0.0594,33.79,Poor
2022-06-01,Butiye,0.1015,9.4,29.13,0.079,26.03,Poor
2022-07-01,Butiye,0.0722,7.13,27.55,0.07,26.87,Poor
2022-08-01,Butiye,0.0799,2.98,28.83,0.0787,23.77,Poor
2022-09-01,Butiye,0.0696,4.99,30.74,0.0759,22.48,Poor
2022-10-01,Butiye,0.0968,24.89,30.95,0.0749,27.75,Poor
2022-11-01,Butiye,0.1589,31.66,28.92,0.0646,37.15,Poor
2022-12-01,Butiye,0.1459,24.12,33.58,0.0752,28.87,Poor
2023-01-01,Butiye,0.0983,6.66,31.77,0.0776,23.55,Poor
2023-02-01,Butiye,0.0724,5.12,34.44,0.0821,18.35,Very poor
2023-03-01,Butiye,0.1286,31.72,29.73,0.0738,32.32,Poor
2023-04-01,Butiye,0.2538,93.19,28.78,0.0499,57.41,Moderate
2023-05-01,Butiye,0.3021,74.82,27.91,0.0523,57.89,Moderate
2023-06-01,Butiye,0.2261,25.33,25.39,0.0639,43.77,Moderate
2023-07-01,Butiye,0.1303,20.77,27.5,0.072,32.79,Poor
2023-08-01,Butiye,0.1236,17.24,26.85,0.0639,34.06,Poor
2023-09-01,Butiye,0.1154,22.49,30.47,0.0679,30.58,Poor
2023-10-01,Butiye,0.2622,90.37,28.92,0.0655,53.94,Moderate
2023-11-01,Butiye,0.3614,194.82,28.37,0.0402,76.88,Good
2023-12-01,Butiye,0.4528,168.08,29.88,0.0375,82.67,Very good
2024-01-01,Butiye,0.2653,14.74,31.92,0.0579,40.84,Moderate
2024-02-01,Butiye,0.1864,23.94,30.98,0.0623,36.64,Poor
2024-03-01,Butiye,0.279,80.85,31.58,0.0569,53.32,Moderate
2024-04-01,Butiye,0.3772,110.63,27.92,0.0357,72.79,Good
2024-05-01,Butiye,0.2963,50.88,26.77,0.0528,54.28,Moderate
2024-06-01,Butiye,0.2293,27.52,26.53,0.0599,44.33,Moderate
2024-07-01,Butiye,0.1269,9.35,26.35,0.0814,29.49,Poor
2024-08-01,Butiye,0.115,10.26,29.5,0.07,28.82,Poor
2024-09-01,Butiye,0.1162,19.3,28.9,0.0843,27.71,Poor
2024-10-01,Butiye,0.1741,45.49,30.07,0.0672,39.0,Poor
2024-11-01,Butiye,0.2844,78.6,29.84,0.0613,53.75,Moderate
2024-12-01,Butiye,0.2197,47.54,31.2,0.0599,43.26,Moderate
2025-01-01,Butiye,0.1496,15.11,32.12,0.0705,29.84,Poor
2025-02-01,Butiye,0.1101,8.43,29.97,0.0741,26.9,Poor
2025-03-01,Butiye,0.1873,58.79,31.43,0.0635,41.86,Moderate
2025-04-01,Butiye,0.2876,83.2,30.83,0.0545,55.45,Moderate
2025-05-01,Butiye,0.3758,102.04,28.58,0.0414,69.46,Good
2025-06-01,Butiye,0.2273,13.59,27.28,0.069,39.24,Poor
2025-07-01,Butiye,0.1695,17.93,25.54,0.0638,38.46,Poor
2025-08-01,Butiye,0.1393,17.66,26.17,0.0701,34.4,Poor
2025-09-01,Butiye,0.1315,22.06,29.84,0.0747,30.63,Poor
2025-10-01,Butiye,0.1578,36.22,30.41,0.0675,35.97,Poor
2025-11-01,Butiye,0.309,96.9,26.85,0.0492,63.58,Good
2025-12-01,Butiye,0.3519,78.43,29.78,0.0441,62.3,Good
2026-01-01,Butiye,0.2108,20.13,35.02,0.0596,35.08,Poor
2026-02-01,Butiye,0.1493,11.59,30.36,0.0603,32.91,Poor
2026-03-01,Butiye,0.2074,59.71,31.86,0.0592,44.05,Moderate
2026-04-01,Butiye,0.2556,59.37,28.2,0.0568,50.83,Moderate
2026-05-01,Butiye,0.2733,70.17,27.15,0.055,55.11,Moderate
2019-01-01,Dukana,0.13,11.66,33.01,0.0714,26.99,Poor
2019-02-01,Dukana,0.1989,13.16,33.31,0.061,34.12,Poor
2019-03-01,Dukana,0.4416,105.05,31.72,0.027,75.27,Good
2019-04-01,Dukana,0.5434,136.14,29.27,0.0282,86.23,Very good
2019-05-01,Dukana,0.4999,67.17,28.3,0.0221,76.87,Good
2019-06-01,Dukana,0.4014,22.88,28.62,0.0511,55.89,Moderate
2019-07-01,Dukana,0.3343,23.34,28.35,0.0335,55.4,Moderate
2019-08-01,Dukana,0.2964,18.01,27.37,0.0599,46.78,Moderate
2019-09-01,Dukana,0.2916,20.45,28.26,0.043,49.87,Moderate
2019-10-01,Dukana,0.4283,85.29,29.77,0.0312,71.66,Good
2019-11-01,Dukana,0.3966,54.19,28.48,0.0413,63.07,Good
2019-12-01,Dukana,0.5125,93.57,31.23,0.0284,77.52,Good
2020-01-01,Dukana,0.352,9.31,30.13,0.0381,51.83,Moderate
2020-02-01,Dukana,0.3145,16.98,31.85,0.0511,46.24,Moderate
2020-03-01,Dukana,0.3852,68.41,31.68,0.0352,63.42,Good
2020-04-01,Dukana,0.4524,73.9,29.91,0.0304,71.52,Good
2020-05-01,Dukana,0.4706,82.84,28.6,0.0406,73.07,Good
2020-06-01,Dukana,0.4008,23.24,27.7,0.0397,59.17,Moderate
2020-07-01,Dukana,0.2953,6.81,26.89,0.0527,46.82,Moderate
2020-08-01,Dukana,0.3181,25.8,27.4,0.0521,51.3,Moderate
2020-09-01,Dukana,0.2832,22.8,30.02,0.0688,42.55,Moderate
2020-10-01,Dukana,0.3207,36.34,32.86,0.0508,49.15,Moderate
2020-11-01,Dukana,0.3482,44.7,29.13,0.0601,53.38,Moderate
2020-12-01,Dukana,0.3175,25.07,31.74,0.0504,48.03,Moderate
2021-01-01,Dukana,0.306,12.6,32.73,0.0433,45.94,Moderate
2021-02-01,Dukana,0.2624,10.87,34.25,0.0556,38.64,Poor
2021-03-01,Dukana,0.3064,34.9,34.54,0.0634,43.76,Moderate
2021-04-01,Dukana,0.289,21.18,31.53,0.0569,44.13,Moderate
2021-05-01,Dukana,0.2434,5.71,31.34,0.0621,37.35,Poor
2021-06-01,Dukana,0.2304,3.24,29.85,0.053,39.23,Poor
2021-07-01,Dukana,0.2412,8.26,29.5,0.0573,40.15,Moderate
2021-08-01,Dukana,0.2391,7.38,30.83,0.0599,38.2,Poor
2021-09-01,Dukana,0.2385,12.23,30.64,0.0493,41.48,Moderate
2021-10-01,Dukana,0.254,13.07,31.04,0.0602,39.98,Poor
2021-11-01,Dukana,0.3586,53.54,30.81,0.0438,57.86,Moderate
2021-12-01,Dukana,0.3692,45.53,31.98,0.0287,59.7,Moderate
2022-01-01,Dukana,0.2965,7.26,34.38,0.0429,43.15,Moderate
2022-02-01,Dukana,0.2407,3.0,34.15,0.0623,34.42,Poor
2022-03-01,Dukana,0.2721,18.71,33.15,0.051,42.54,Moderate
2022-04-01,Dukana,0.353,50.48,30.31,0.0491,56.19,Moderate
2022-05-01,Dukana,0.3335,44.57,28.32,0.0577,53.52,Moderate
2022-06-01,Dukana,0.3072,10.18,31.02,0.0497,45.56,Moderate
2022-07-01,Dukana,0.2494,5.06,31.06,0.065,37.24,Poor
2022-08-01,Dukana,0.233,0.0,29.42,0.0616,37.31,Poor
2022-09-01,Dukana,0.2472,11.7,28.45,0.0552,42.46,Moderate
2022-10-01,Dukana,0.2663,18.01,31.23,0.0584,41.89,Moderate
2022-11-01,Dukana,0.3454,52.52,30.9,0.0441,56.63,Moderate
2022-12-01,Dukana,0.3399,38.11,32.45,0.0483,51.67,Moderate
2023-01-01,Dukana,0.2754,7.73,32.03,0.0454,43.07,Moderate
2023-02-01,Dukana,0.2333,9.49,34.93,0.0584,35.21,Poor
2023-03-01,Dukana,0.2723,23.66,34.34,0.0491,42.85,Moderate
2023-04-01,Dukana,0.33,55.34,30.78,0.0505,54.7,Moderate
2023-05-01,Dukana,0.4574,76.57,28.08,0.0349,72.79,Good
2023-06-01,Dukana,0.3515,31.13,27.35,0.0299,59.48,Moderate
2023-07-01,Dukana,0.3282,21.69,28.32,0.0449,52.17,Moderate
2023-08-01,Dukana,0.2857,7.29,27.85,0.0535,45.25,Moderate
2023-09-01,Dukana,0.2567,7.58,30.34,0.0464,42.87,Moderate
2023-10-01,Dukana,0.4256,95.87,29.24,0.0379,72.19,Good
2023-11-01,Dukana,0.5441,124.35,25.99,0.0281,86.92,Very good
2023-12-01,Dukana,0.58,148.09,28.33,0.0215,90.46,Very good
2024-01-01,Dukana,0.416,16.7,32.42,0.0471,53.73,Moderate
2024-02-01,Dukana,0.3101,9.95,33.41,0.0443,45.02,Moderate
2024-03-01,Dukana,0.4528,92.98,31.28,0.0245,74.95,Good
2024-04-01,Dukana,0.5114,91.18,28.7,0.0254,79.82,Good
2024-05-01,Dukana,0.4842,67.35,28.33,0.0303,73.95,Good
2024-06-01,Dukana,0.3624,24.48,27.73,0.0424,56.07,Moderate
2024-07-01,Dukana,0.3047,18.94,27.29,0.0509,49.56,Moderate
2024-08-01,Dukana,0.2725,7.62,28.2,0.0547,43.85,Moderate
2024-09-01,Dukana,0.2807,17.5,32.48,0.0581,41.89,Moderate
2024-10-01,Dukana,0.3761,59.34,30.41,0.0365,61.99,Good
2024-11-01,Dukana,0.4181,68.92,28.31,0.0318,69.26,Good
2024-12-01,Dukana,0.4176,49.83,30.73,0.045,61.17,Good
2025-01-01,Dukana,0.3382,20.03,31.85,0.0481,49.07,Moderate
2025-02-01,Dukana,0.3012,15.69,33.74,0.0479,44.28,Moderate
2025-03-01,Dukana,0.362,47.55,30.48,0.0521,55.52,Moderate
2025-04-01,Dukana,0.512,117.39,27.93,0.0456,80.31,Very good
2025-05-01,Dukana,0.5658,104.31,27.2,0.0317,81.79,Very good
2025-06-01,Dukana,0.4187,19.19,27.76,0.0313,61.56,Good
2025-07-01,Dukana,0.3219,20.88,27.07,0.0461,52.34,Moderate
2025-08-01,Dukana,0.3156,22.69,27.7,0.0515,50.5,Moderate
2025-09-01,Dukana,0.3091,28.44,31.17,0.0573,46.93,Moderate
2025-10-01,Dukana,0.4292,86.55,30.15,0.0519,67.04,Good
2025-11-01,Dukana,0.4339,61.56,28.4,0.0373,67.85,Good
2025-12-01,Dukana,0.494,82.86,29.52,0.0418,73.7,Good
2026-01-01,Dukana,0.3902,25.68,32.48,0.0465,53.49,Moderate
2026-02-01,Dukana,0.3377,18.47,31.33,0.0356,51.97,Moderate
2026-03-01,Dukana,0.3797,60.88,28.68,0.0474,61.47,Good
2026-04-01,Dukana,0.4836,81.16,27.67,0.0284,77.16,Good
2026-05-01,Dukana,0.4841,82.88,28.25,0.035,75.56,Good
2019-01-01,Golbo,0.0305,17.01,33.03,0.0857,17.72,Very poor
2019-02-01,Golbo,0.0632,13.0,32.77,0.0741,22.13,Poor
2019-03-01,Golbo,0.1644,55.0,31.66,0.0744,37.03,Poor
2019-04-01,Golbo,0.3,104.41,28.34,0.061,60.41,Good
2019-05-01,Golbo,0.2355,46.86,28.03,0.0637,45.94,Moderate
2019-06-01,Golbo,0.1105,12.69,26.05,0.0748,30.61,Poor
2019-07-01,Golbo,0.128,18.89,28.23,0.0722,31.7,Poor
2019-08-01,Golbo,0.1217,22.56,28.32,0.0697,32.35,Poor
2019-09-01,Golbo,0.0931,20.15,30.05,0.0781,26.71,Poor
2019-10-01,Golbo,0.1981,57.78,30.83,0.0652,42.56,Moderate
2019-11-01,Golbo,0.2224,67.35,28.44,0.063,48.26,Moderate
2019-12-01,Golbo,0.2936,80.02,28.93,0.06,55.63,Moderate
2020-01-01,Golbo,0.1976,32.25,31.67,0.0636,37.96,Poor
2020-02-01,Golbo,0.1419,20.25,32.71,0.0768,28.31,Poor
2020-03-01,Golbo,0.1769,49.2,29.66,0.0616,41.38,Moderate
2020-04-01,Golbo,0.272,88.13,30.68,0.0486,56.62,Moderate
2020-05-01,Golbo,0.1898,28.76,29.63,0.0607,39.12,Poor
2020-06-01,Golbo,0.1397,23.58,27.73,0.0699,34.21,Poor
2020-07-01,Golbo,0.0968,12.61,27.07,0.0742,28.96,Poor
2020-08-01,Golbo,0.1113,29.98,28.72,0.0697,32.54,Poor
2020-09-01,Golbo,0.1063,18.03,28.58,0.0691,30.45,Poor
2020-10-01,Golbo,0.1067,21.93,32.35,0.0827,25.09,Poor
2020-11-01,Golbo,0.122,29.52,28.47,0.0818,30.73,Poor
2020-12-01,Golbo,0.1149,23.75,33.35,0.0712,27.74,Poor
2021-01-01,Golbo,0.0544,2.0,33.52,0.0865,16.32,Very poor
2021-02-01,Golbo,0.0385,6.23,35.74,0.0929,12.71,Very poor
2021-03-01,Golbo,0.101,30.41,33.06,0.0633,29.84,Poor
2021-04-01,Golbo,0.1165,33.61,30.49,0.0705,31.91,Poor
2021-05-01,Golbo,0.1163,19.43,31.18,0.068,29.55,Poor
2021-06-01,Golbo,0.0756,8.72,30.82,0.0688,25.02,Poor
2021-07-01,Golbo,0.0801,9.67,30.17,0.0717,25.36,Poor
2021-08-01,Golbo,0.0632,6.5,29.03,0.0743,24.0,Poor
2021-09-01,Golbo,0.0358,7.93,31.36,0.0755,20.18,Poor
2021-10-01,Golbo,0.0669,23.12,31.98,0.075,24.49,Poor
2021-11-01,Golbo,0.1107,30.43,31.49,0.0673,30.91,Poor
2021-12-01,Golbo,0.118,28.76,32.75,0.0747,28.47,Poor
2022-01-01,Golbo,0.0684,3.53,30.98,0.0846,20.0,Poor
2022-02-01,Golbo,0.0533,8.95,33.18,0.072,20.9,Poor
2022-03-01,Golbo,0.0757,20.53,34.14,0.0686,24.39,Poor
2022-04-01,Golbo,0.1015,17.18,31.24,0.0734,26.89,Poor
2022-05-01,Golbo,0.1246,38.42,29.25,0.0659,35.3,Poor
2022-06-01,Golbo,0.0652,4.14,32.28,0.0853,18.7,Very poor
2022-07-01,Golbo,0.0496,3.04,31.78,0.087,17.45,Very poor
2022-08-01,Golbo,0.0371,5.36,27.61,0.0757,22.81,Poor
2022-09-01,Golbo,0.0328,1.26,30.99,0.0764,18.97,Very poor
2022-10-01,Golbo,0.0948,32.76,30.11,0.0627,32.29,Poor
2022-11-01,Golbo,0.1556,37.43,29.38,0.0736,35.48,Poor
2022-12-01,Golbo,0.1118,17.33,30.93,0.07,28.64,Poor
2023-01-01,Golbo,0.0457,1.63,33.52,0.0874,15.46,Very poor
2023-02-01,Golbo,0.0617,10.16,34.38,0.091,16.51,Very poor
2023-03-01,Golbo,0.1001,26.63,34.86,0.0853,22.82,Poor
2023-04-01,Golbo,0.2962,112.25,28.71,0.0514,63.29,Good
2023-05-01,Golbo,0.2828,68.05,27.95,0.0515,55.55,Moderate
2023-06-01,Golbo,0.1788,25.16,28.42,0.0576,39.4,Poor
2023-07-01,Golbo,0.1064,9.05,25.31,0.0714,31.06,Poor
2023-08-01,Golbo,0.1034,14.24,29.45,0.0696,28.81,Poor
2023-09-01,Golbo,0.0807,11.92,27.86,0.0692,28.18,Poor
2023-10-01,Golbo,0.2842,107.27,29.93,0.0423,62.66,Good
2023-11-01,Golbo,0.3817,197.01,27.35,0.0388,79.43,Good
2023-12-01,Golbo,0.4219,140.12,31.6,0.0425,76.38,Good
2024-01-01,Golbo,0.2261,8.86,30.93,0.0617,37.07,Poor
2024-02-01,Golbo,0.1346,8.95,34.18,0.0654,27.26,Poor
2024-03-01,Golbo,0.2103,61.39,29.68,0.0662,44.72,Moderate
2024-04-01,Golbo,0.3689,127.94,28.84,0.0378,73.88,Good
2024-05-01,Golbo,0.28,47.47,27.57,0.0416,54.42,Moderate
2024-06-01,Golbo,0.1478,17.02,28.08,0.0722,32.9,Poor
2024-07-01,Golbo,0.1468,23.38,27.28,0.0583,37.63,Poor
2024-08-01,Golbo,0.0949,7.18,27.05,0.0787,26.94,Poor
2024-09-01,Golbo,0.1086,19.72,28.64,0.0715,30.31,Poor
2024-10-01,Golbo,0.1122,43.82,30.92,0.0767,31.59,Poor
2024-11-01,Golbo,0.2749,91.56,30.84,0.0607,54.56,Moderate
2024-12-01,Golbo,0.2684,71.11,30.87,0.0537,52.24,Moderate
2025-01-01,Golbo,0.1479,7.19,32.7,0.0698,28.1,Poor
2025-02-01,Golbo,0.088,11.58,31.48,0.0831,22.67,Poor
2025-03-01,Golbo,0.1786,56.19,30.47,0.0723,39.65,Poor
2025-04-01,Golbo,0.1496,26.94,31.15,0.0684,33.06,Poor
2025-05-01,Golbo,0.2466,80.32,29.57,0.062,51.44,Moderate
2025-06-01,Golbo,0.1437,20.81,26.27,0.0727,34.59,Poor
2025-07-01,Golbo,0.0896,14.73,29.08,0.0765,26.68,Poor
2025-08-01,Golbo,0.0902,12.37,28.65,0.0766,26.66,Poor
2025-09-01,Golbo,0.1187,33.33,28.92,0.0671,34.04,Poor
2025-10-01,Golbo,0.1626,49.6,29.61,0.0645,39.86,Poor
2025-11-01,Golbo,0.2562,84.0,30.13,0.0534,54.18,Moderate
2025-12-01,Golbo,0.3163,83.51,29.97,0.0556,57.95,Moderate
2026-01-01,Golbo,0.1749,13.78,33.47,0.0663,31.25,Poor
2026-02-01,Golbo,0.1259,20.24,31.48,0.08,27.44,Poor
2026-03-01,Golbo,0.2025,54.52,31.28,0.0687,41.19,Moderate
2026-04-01,Golbo,0.1752,38.04,31.44,0.0703,36.06,Poor
2026-05-01,Golbo,0.1987,52.96,28.54,0.0615,44.45,Moderate
2019-01-01,Heillu/Manyatta,0.03,12.73,34.26,0.0783,17.63,Very poor
2019-02-01,Heillu/Manyatta,0.03,21.03,29.63,0.0818,21.94,Poor
2019-03-01,Heillu/Manyatta,0.0392,35.15,32.55,0.0695,25.33,Poor
2019-04-01,Heillu/Manyatta,0.1602,90.03,30.72,0.0634,45.77,Moderate
2019-05-01,Heillu/Manyatta,0.1724,71.38,29.16,0.0736,42.51,Moderate
2019-06-01,Heillu/Manyatta,0.0898,22.02,28.76,0.0848,26.32,Poor
2019-07-01,Heillu/Manyatta,0.03,10.56,27.65,0.0704,24.33,Poor
2019-08-01,Heillu/Manyatta,0.03,4.14,29.83,0.0847,18.33,Very poor
2019-09-01,Heillu/Manyatta,0.03,20.22,28.01,0.0883,21.67,Poor
2019-10-01,Heillu/Manyatta,0.03,45.51,31.42,0.0871,23.42,Poor
2019-11-01,Heillu/Manyatta,0.1463,85.69,29.18,0.0719,43.42,Moderate
2019-12-01,Heillu/Manyatta,0.1537,67.98,31.01,0.0574,42.75,Moderate
2020-01-01,Heillu/Manyatta,0.0686,17.89,31.7,0.0714,24.78,Poor
2020-02-01,Heillu/Manyatta,0.0305,15.53,33.12,0.0782,19.06,Very poor
2020-03-01,Heillu/Manyatta,0.0867,62.78,31.09,0.082,31.65,Poor
2020-04-01,Heillu/Manyatta,0.2213,101.3,28.52,0.0667,52.96,Moderate
2020-05-01,Heillu/Manyatta,0.1859,59.75,27.8,0.0595,45.74,Moderate
2020-06-01,Heillu/Manyatta,0.1089,27.95,26.77,0.0695,33.65,Poor
2020-07-01,Heillu/Manyatta,0.03,16.15,28.0,0.082,22.39,Poor
2020-08-01,Heillu/Manyatta,0.03,3.96,28.16,0.088,18.9,Very poor
2020-09-01,Heillu/Manyatta,0.03,16.24,30.64,0.0803,20.67,Poor
2020-10-01,Heillu/Manyatta,0.03,32.04,30.65,0.0721,25.12,Poor
2020-11-01,Heillu/Manyatta,0.0675,52.0,29.51,0.0905,27.88,Poor
2020-12-01,Heillu/Manyatta,0.0882,46.54,30.18,0.0884,28.37,Poor
2021-01-01,Heillu/Manyatta,0.03,3.8,31.12,0.076,19.17,Very poor
2021-02-01,Heillu/Manyatta,0.03,2.96,35.2,0.0819,14.45,Very poor
2021-03-01,Heillu/Manyatta,0.03,23.43,32.5,0.0671,23.31,Poor
2021-04-01,Heillu/Manyatta,0.0572,47.06,31.11,0.0821,26.94,Poor
2021-05-01,Heillu/Manyatta,0.0357,25.44,30.9,0.0867,20.98,Poor
2021-06-01,Heillu/Manyatta,0.03,13.23,31.51,0.0706,21.64,Poor
2021-07-01,Heillu/Manyatta,0.03,5.22,28.59,0.0729,22.12,Poor
2021-08-01,Heillu/Manyatta,0.03,9.11,28.68,0.085,20.01,Poor
2021-09-01,Heillu/Manyatta,0.03,4.59,31.34,0.0781,18.67,Very poor
2021-10-01,Heillu/Manyatta,0.03,14.93,30.63,0.0819,20.11,Poor
2021-11-01,Heillu/Manyatta,0.03,36.36,29.94,0.0847,23.61,Poor
2021-12-01,Heillu/Manyatta,0.03,31.17,30.83,0.0789,23.32,Poor
2022-01-01,Heillu/Manyatta,0.03,2.14,33.13,0.0726,18.04,Very poor
2022-02-01,Heillu/Manyatta,0.03,8.22,33.79,0.0676,19.62,Very poor
2022-03-01,Heillu/Manyatta,0.03,21.61,32.46,0.0665,23.19,Poor
2022-04-01,Heillu/Manyatta,0.03,37.24,30.64,0.0884,22.38,Poor
2022-05-01,Heillu/Manyatta,0.03,23.26,32.16,0.0836,19.89,Very poor
2022-06-01,Heillu/Manyatta,0.03,9.34,30.38,0.0784,20.16,Poor
2022-07-01,Heillu/Manyatta,0.03,6.53,29.5,0.0816,19.68,Very poor
2022-08-01,Heillu/Manyatta,0.03,4.86,28.34,0.0868,19.18,Very poor
2022-09-01,Heillu/Manyatta,0.03,2.59,28.61,0.0875,18.42,Very poor
2022-10-01,Heillu/Manyatta,0.03,32.28,32.81,0.0857,20.41,Poor
2022-11-01,Heillu/Manyatta,0.0426,42.35,30.48,0.0802,26.07,Poor
2022-12-01,Heillu/Manyatta,0.0314,29.13,32.33,0.0864,20.22,Poor
2023-01-01,Heillu/Manyatta,0.03,2.86,33.46,0.0813,15.96,Very poor
2023-02-01,Heillu/Manyatta,0.03,2.38,33.96,0.0882,13.96,Very poor
2023-03-01,Heillu/Manyatta,0.03,37.1,33.21,0.0701,24.37,Poor
2023-04-01,Heillu/Manyatta,0.0988,66.19,29.7,0.0806,34.49,Poor
2023-05-01,Heillu/Manyatta,0.1518,59.44,29.99,0.076,37.88,Poor
2023-06-01,Heillu/Manyatta,0.0376,15.64,28.32,0.0774,23.6,Poor
2023-07-01,Heillu/Manyatta,0.03,22.65,28.78,0.0846,22.28,Poor
2023-08-01,Heillu/Manyatta,0.03,16.84,28.81,0.0677,25.04,Poor
2023-09-01,Heillu/Manyatta,0.03,23.44,28.48,0.0712,25.63,Poor
2023-10-01,Heillu/Manyatta,0.1521,100.55,29.62,0.0709,46.18,Moderate
2023-11-01,Heillu/Manyatta,0.2882,129.78,29.02,0.0408,67.74,Good
2023-12-01,Heillu/Manyatta,0.3223,127.2,31.33,0.0536,65.01,Good
2024-01-01,Heillu/Manyatta,0.1546,16.38,32.59,0.0648,31.3,Poor
2024-02-01,Heillu/Manyatta,0.0582,20.19,31.56,0.0797,22.72,Poor
2024-03-01,Heillu/Manyatta,0.1568,86.22,31.76,0.0628,44.22,Moderate
2024-04-01,Heillu/Manyatta,0.2318,94.04,30.01,0.0591,52.98,Moderate
2024-05-01,Heillu/Manyatta,0.1144,30.57,28.12,0.0771,31.71,Poor
2024-06-01,Heillu/Manyatta,0.03,16.26,29.33,0.077,22.45,Poor
2024-07-01,Heillu/Manyatta,0.03,15.39,25.51,0.0799,24.72,Poor
2024-08-01,Heillu/Manyatta,0.03,13.92,28.62,0.0798,22.02,Poor
2024-09-01,Heillu/Manyatta,0.03,24.77,29.71,0.0808,22.74,Poor
2024-10-01,Heillu/Manyatta,0.03,44.16,30.63,0.0764,26.21,Poor
2024-11-01,Heillu/Manyatta,0.0834,51.4,28.03,0.0713,34.37,Poor
2024-12-01,Heillu/Manyatta,0.0893,45.79,32.22,0.0771,29.2,Poor
2025-01-01,Heillu/Manyatta,0.035,15.9,30.01,0.0807,21.39,Poor
2025-02-01,Heillu/Manyatta,0.03,15.29,32.58,0.0869,17.51,Very poor
2025-03-01,Heillu/Manyatta,0.0521,45.52,32.39,0.0743,27.03,Poor
2025-04-01,Heillu/Manyatta,0.1476,81.01,27.93,0.0776,42.46,Moderate
2025-05-01,Heillu/Manyatta,0.1569,67.76,29.22,0.0654,42.6,Moderate
2025-06-01,Heillu/Manyatta,0.0657,12.9,28.48,0.0763,25.23,Poor
2025-07-01,Heillu/Manyatta,0.03,15.03,27.9,0.0864,21.31,Poor
2025-08-01,Heillu/Manyatta,0.03,6.74,28.03,0.0746,22.44,Poor
2025-09-01,Heillu/Manyatta,0.03,14.93,29.84,0.0932,18.22,Very poor
2025-10-01,Heillu/Manyatta,0.0326,57.87,31.09,0.0825,26.94,Poor
2025-11-01,Heillu/Manyatta,0.2365,116.28,27.5,0.0656,57.57,Moderate
2025-12-01,Heillu/Manyatta,0.2131,74.63,31.98,0.0633,45.94,Moderate
2026-01-01,Heillu/Manyatta,0.0902,18.77,31.51,0.0848,23.6,Poor
2026-02-01,Heillu/Manyatta,0.03,11.4,32.29,0.0846,17.6,Very poor
2026-03-01,Heillu/Manyatta,0.0612,47.38,29.96,0.0803,28.6,Poor
2026-04-01,Heillu/Manyatta,0.1413,84.56,31.37,0.0707,41.4,Moderate
2026-05-01,Heillu/Manyatta,0.1454,58.81,28.91,0.0642,40.8,Moderate
2019-01-01,Illeret,0.0874,17.58,32.37,0.0706,25.69,Poor
2019-02-01,Illeret,0.1169,12.66,31.82,0.076,26.16,Poor
2019-03-01,Illeret,0.252,63.24,33.44,0.0583,46.69,Moderate
2019-04-01,Illeret,0.3603,84.35,30.02,0.0467,63.12,Good
2019-05-01,Illeret,0.4004,88.27,27.78,0.0377,70.36,Good
2019-06-01,Illeret,0.2788,26.82,28.01,0.0599,46.49,Moderate
2019-07-01,Illeret,0.1994,13.5,26.02,0.074,37.17,Poor
2019-08-01,Illeret,0.1707,13.58,27.14,0.068,35.61,Poor
2019-09-01,Illeret,0.2183,32.77,29.67,0.0626,41.32,Moderate
2019-10-01,Illeret,0.2746,55.39,32.07,0.0434,51.38,Moderate
2019-11-01,Illeret,0.4151,114.74,31.6,0.0381,72.65,Good
2019-12-01,Illeret,0.443,102.52,29.82,0.0366,74.34,Good
2020-01-01,Illeret,0.2875,10.92,32.25,0.0577,41.55,Moderate
2020-02-01,Illeret,0.2284,22.49,33.65,0.0571,38.35,Poor
2020-03-01,Illeret,0.3185,75.59,32.63,0.0467,56.63,Moderate
2020-04-01,Illeret,0.3623,72.14,28.51,0.0357,64.86,Good
2020-05-01,Illeret,0.2908,43.44,29.01,0.0421,53.25,Moderate
2020-06-01,Illeret,0.2419,23.44,28.74,0.0502,44.91,Moderate
2020-07-01,Illeret,0.1841,13.75,27.48,0.0704,35.76,Poor
2020-08-01,Illeret,0.153,15.69,29.38,0.0658,33.41,Poor
2020-09-01,Illeret,0.1688,17.71,31.01,0.0757,31.36,Poor
2020-10-01,Illeret,0.1768,19.73,33.06,0.058,34.55,Poor
2020-11-01,Illeret,0.2506,47.85,29.49,0.0595,46.92,Moderate
2020-12-01,Illeret,0.2481,37.73,31.0,0.0602,43.71,Moderate
2021-01-01,Illeret,0.2037,8.84,33.79,0.0469,36.51,Poor
2021-02-01,Illeret,0.16,7.56,32.84,0.0658,29.8,Poor
2021-03-01,Illeret,0.1804,23.11,35.1,0.0623,32.79,Poor
2021-04-01,Illeret,0.2304,49.18,33.48,0.0575,42.98,Moderate
2021-05-01,Illeret,0.2458,43.09,28.2,0.0586,47.03,Moderate
2021-06-01,Illeret,0.1972,9.44,29.11,0.059,37.21,Poor
2021-07-01,Illeret,0.1426,3.1,29.32,0.0739,28.86,Poor
2021-08-01,Illeret,0.1399,8.48,30.27,0.0735,28.89,Poor
2021-09-01,Illeret,0.1301,8.46,32.19,0.0735,26.66,Poor
2021-10-01,Illeret,0.1659,22.51,30.12,0.0648,35.1,Poor
2021-11-01,Illeret,0.2283,51.69,31.15,0.053,46.1,Moderate
2021-12-01,Illeret,0.224,31.42,31.1,0.0622,40.44,Moderate
2022-01-01,Illeret,0.1698,8.58,34.85,0.065,29.22,Poor
2022-02-01,Illeret,0.1534,5.38,34.7,0.0598,28.82,Poor
2022-03-01,Illeret,0.1847,30.76,32.84,0.0761,33.09,Poor
2022-04-01,Illeret,0.1918,31.98,30.61,0.0553,40.2,Moderate
2022-05-01,Illeret,0.1803,18.14,30.05,0.0644,35.52,Poor
2022-06-01,Illeret,0.1646,16.17,31.03,0.0607,34.13,Poor
2022-07-01,Illeret,0.1499,6.49,30.4,0.0583,32.51,Poor
2022-08-01,Illeret,0.1341,8.42,29.72,0.0718,29.29,Poor
2022-09-01,Illeret,0.1379,8.29,28.77,0.0754,29.49,Poor
2022-10-01,Illeret,0.1752,20.35,31.71,0.0689,33.19,Poor
2022-11-01,Illeret,0.1944,37.71,32.03,0.0591,39.35,Poor
2022-12-01,Illeret,0.2011,29.18,33.24,0.0596,37.32,Poor
2023-01-01,Illeret,0.165,10.84,34.96,0.0663,28.87,Poor
2023-02-01,Illeret,0.149,10.45,34.19,0.0708,27.31,Poor
2023-03-01,Illeret,0.1793,27.77,32.41,0.0684,34.26,Poor
2023-04-01,Illeret,0.3161,87.27,30.78,0.058,57.38,Moderate
2023-05-01,Illeret,0.3581,78.23,27.01,0.0494,63.74,Good
2023-06-01,Illeret,0.2425,8.9,28.31,0.0475,43.48,Moderate
2023-07-01,Illeret,0.1971,18.85,26.63,0.0576,41.06,Moderate
2023-08-01,Illeret,0.1903,13.98,30.32,0.0609,36.08,Poor
2023-09-01,Illeret,0.1949,19.73,30.8,0.0609,36.99,Poor
2023-10-01,Illeret,0.3919,160.1,28.94,0.0402,78.58,Good
2023-11-01,Illeret,0.4675,159.88,26.71,0.0276,88.45,Very good
2023-12-01,Illeret,0.4639,98.51,27.52,0.023,79.98,Good
2024-01-01,Illeret,0.316,20.31,32.82,0.0419,48.15,Moderate
2024-02-01,Illeret,0.2493,17.44,32.42,0.0512,41.28,Moderate
2024-03-01,Illeret,0.2413,29.59,31.23,0.0559,42.64,Moderate
2024-04-01,Illeret,0.3865,100.36,28.7,0.0455,68.93,Good
2024-05-01,Illeret,0.3437,57.86,28.49,0.0426,59.67,Moderate
2024-06-01,Illeret,0.2558,27.25,28.68,0.058,44.84,Moderate
2024-07-01,Illeret,0.2045,17.71,27.47,0.0657,38.91,Poor
2024-08-01,Illeret,0.1908,20.6,29.16,0.0651,37.22,Poor
2024-09-01,Illeret,0.1977,28.69,29.97,0.0623,39.04,Poor
2024-10-01,Illeret,0.2486,52.17,28.27,0.0515,50.25,Moderate
2024-11-01,Illeret,0.3163,74.91,28.81,0.0564,57.26,Moderate
2024-12-01,Illeret,0.36,65.49,30.63,0.0452,59.78,Moderate
2025-01-01,Illeret,0.2649,21.02,31.29,0.0564,42.7,Moderate
2025-02-01,Illeret,0.2054,23.24,32.97,0.0589,37.01,Poor
2025-03-01,Illeret,0.2954,63.18,30.71,0.0599,51.55,Moderate
2025-04-01,Illeret,0.336,77.35,30.18,0.0475,59.93,Moderate
2025-05-01,Illeret,0.3908,84.0,28.77,0.0417,67.29,Good
2025-06-01,Illeret,0.2736,17.41,27.5,0.05,47.16,Moderate
2025-07-01,Illeret,0.241,21.78,27.06,0.0683,41.9,Moderate
2025-08-01,Illeret,0.1569,7.82,30.54,0.0739,29.65,Poor
2025-09-01,Illeret,0.1889,30.54,29.35,0.0716,37.15,Poor
2025-10-01,Illeret,0.271,59.75,28.3,0.0489,53.65,Moderate
2025-11-01,Illeret,0.3757,100.19,29.27,0.0467,67.42,Good
2025-12-01,Illeret,0.333,52.54,30.62,0.0528,54.06,Moderate
2026-01-01,Illeret,0.2601,10.59,33.85,0.0543,39.04,Poor
2026-02-01,Illeret,0.2029,16.7,31.71,0.0693,34.45,Poor
2026-03-01,Illeret,0.287,67.26,31.06,0.0528,52.94,Moderate
2026-04-01,Illeret,0.279,35.8,29.91,0.0636,45.67,Moderate
2026-05-01,Illeret,0.2461,42.45,28.06,0.0579,47.2,Moderate
2019-01-01,Karare,0.03,14.01,31.94,0.0932,16.39,Very poor
2019-02-01,Karare,0.0357,6.95,33.15,0.0806,17.46,Very poor
2019-03-01,Karare,0.1017,47.11,31.38,0.0741,31.62,Poor
2019-04-01,Karare,0.1538,50.37,29.86,0.0722,37.45,Poor
2019-05-01,Karare,0.2325,73.26,27.96,0.0673,49.38,Moderate
2019-06-01,Karare,0.0999,6.29,27.84,0.0768,26.93,Poor
2019-07-01,Karare,0.0801,13.42,27.69,0.0836,25.34,Poor
2019-08-01,Karare,0.0805,22.38,29.95,0.0693,28.22,Poor
2019-09-01,Karare,0.0961,28.59,27.4,0.0837,29.19,Poor
2019-10-01,Karare,0.2204,82.13,28.84,0.0533,52.43,Moderate
2019-11-01,Karare,0.252,72.65,29.35,0.0659,49.85,Moderate
2019-12-01,Karare,0.2642,74.07,31.51,0.0577,51.04,Moderate
2020-01-01,Karare,0.1536,13.87,32.05,0.0746,29.08,Poor
2020-02-01,Karare,0.1086,25.41,32.89,0.0646,29.39,Poor
2020-03-01,Karare,0.228,78.15,30.85,0.0565,49.98,Moderate
2020-04-01,Karare,0.2865,82.77,29.24,0.0637,54.51,Moderate
2020-05-01,Karare,0.3,83.06,27.69,0.0581,58.0,Moderate
2020-06-01,Karare,0.1547,13.94,27.59,0.0693,33.9,Poor
2020-07-01,Karare,0.1035,4.41,26.76,0.0653,30.29,Poor
2020-08-01,Karare,0.078,19.18,26.78,0.079,27.89,Poor
2020-09-01,Karare,0.0913,23.52,27.42,0.0727,30.44,Poor
2020-10-01,Karare,0.079,19.63,29.35,0.0678,28.48,Poor
2020-11-01,Karare,0.1078,37.11,28.48,0.0708,33.45,Poor
2020-12-01,Karare,0.1141,29.86,31.07,0.062,32.54,Poor
2021-01-01,Karare,0.0571,7.9,33.37,0.0835,18.29,Very poor
2021-02-01,Karare,0.0455,8.47,35.3,0.0764,17.6,Very poor
2021-03-01,Karare,0.0632,22.18,33.39,0.0625,25.74,Poor
2021-04-01,Karare,0.0757,27.84,29.83,0.0718,28.34,Poor
2021-05-01,Karare,0.0854,14.5,30.68,0.0798,24.33,Poor
2021-06-01,Karare,0.0553,13.73,30.18,0.0818,22.05,Poor
2021-07-01,Karare,0.0454,10.09,29.76,0.092,18.84,Very poor
2021-08-01,Karare,0.036,12.07,31.17,0.0781,20.47,Poor
2021-09-01,Karare,0.0343,13.09,33.7,0.0728,19.66,Very poor
2021-10-01,Karare,0.0621,19.7,32.47,0.0836,21.29,Poor
2021-11-01,Karare,0.1471,59.41,31.47,0.0618,39.5,Poor
2021-12-01,Karare,0.1339,33.03,31.23,0.0716,32.19,Poor
2022-01-01,Karare,0.0724,7.02,32.46,0.0777,21.23,Poor
2022-02-01,Karare,0.0357,5.81,34.32,0.0834,15.7,Very poor
2022-03-01,Karare,0.0751,26.39,33.33,0.0716,25.3,Poor
2022-04-01,Karare,0.1335,42.78,32.1,0.0637,34.85,Poor
2022-05-01,Karare,0.1293,33.8,30.36,0.0635,34.5,Poor
2022-06-01,Karare,0.0731,2.1,28.98,0.0806,22.61,Poor
2022-07-01,Karare,0.0529,2.94,27.78,0.0861,21.05,Poor
2022-08-01,Karare,0.03,2.01,29.91,0.0679,21.64,Poor
2022-09-01,Karare,0.03,6.23,29.43,0.0862,18.66,Very poor
2022-10-01,Karare,0.0823,35.63,32.23,0.0735,27.81,Poor
2022-11-01,Karare,0.0986,24.45,29.87,0.0777,28.03,Poor
2022-12-01,Karare,0.1525,48.0,31.86,0.0744,34.88,Poor
2023-01-01,Karare,0.0571,1.67,33.06,0.0762,19.11,Very poor
2023-02-01,Karare,0.03,1.96,33.53,0.0735,17.5,Very poor
2023-03-01,Karare,0.0702,24.84,32.74,0.0786,23.63,Poor
2023-04-01,Karare,0.1953,90.22,27.74,0.0681,49.59,Moderate
2023-05-01,Karare,0.2811,83.22,26.21,0.0546,58.67,Moderate
2023-06-01,Karare,0.179,30.35,28.76,0.0738,36.4,Poor
2023-07-01,Karare,0.153,19.45,26.6,0.0725,34.78,Poor
2023-08-01,Karare,0.0984,19.5,26.98,0.0717,30.84,Poor
2023-09-01,Karare,0.0691,20.07,25.88,0.0726,29.57,Poor
2023-10-01,Karare,0.1164,39.69,27.68,0.076,33.96,Poor
2023-11-01,Karare,0.2901,157.22,29.78,0.0582,66.78,Good
2023-12-01,Karare,0.3644,123.13,30.32,0.0384,71.46,Good
2024-01-01,Karare,0.1906,6.09,32.03,0.0645,32.61,Poor
2024-02-01,Karare,0.0924,18.25,32.36,0.0653,27.32,Poor
2024-03-01,Karare,0.1414,41.34,31.84,0.0601,36.19,Poor
2024-04-01,Karare,0.189,69.38,29.87,0.0542,47.07,Moderate
2024-05-01,Karare,0.1364,23.84,28.79,0.0655,34.16,Poor
2024-06-01,Karare,0.1345,31.11,27.85,0.0731,34.31,Poor
2024-07-01,Karare,0.0996,11.68,27.48,0.0678,30.08,Poor
2024-08-01,Karare,0.0745,14.12,27.82,0.0678,28.48,Poor
2024-09-01,Karare,0.0756,20.78,30.62,0.0814,24.4,Poor
2024-10-01,Karare,0.1898,74.07,28.36,0.055,48.94,Moderate
2024-11-01,Karare,0.2514,76.38,28.6,0.0576,52.88,Moderate
2024-12-01,Karare,0.1977,53.94,31.22,0.066,41.4,Moderate
2025-01-01,Karare,0.1457,18.97,31.91,0.0712,30.23,Poor
2025-02-01,Karare,0.0675,6.97,30.38,0.0752,23.11,Poor
2025-03-01,Karare,0.1632,53.89,30.28,0.068,39.3,Poor
2025-04-01,Karare,0.1698,48.0,29.88,0.0718,38.24,Poor
2025-05-01,Karare,0.2924,113.11,25.74,0.0492,66.01,Good
2025-06-01,Karare,0.1817,16.66,28.63,0.0641,36.57,Poor
2025-07-01,Karare,0.1319,23.0,28.66,0.0722,32.32,Poor
2025-08-01,Karare,0.0962,9.49,29.17,0.0592,30.04,Poor
2025-09-01,Karare,0.0656,14.62,27.83,0.0845,24.21,Poor
2025-10-01,Karare,0.1436,49.53,29.82,0.063,38.67,Poor
2025-11-01,Karare,0.2551,89.89,28.82,0.0563,55.49,Moderate
2025-12-01,Karare,0.2953,91.32,30.54,0.0588,56.61,Moderate
2026-01-01,Karare,0.164,8.96,34.29,0.0654,29.23,Poor
2026-02-01,Karare,0.1315,18.71,33.11,0.0598,30.77,Poor
2026-03-01,Karare,0.1385,35.42,31.86,0.072,32.34,Poor
2026-04-01,Karare,0.2126,89.35,28.08,0.0684,50.32,Moderate
2026-05-01,Karare,0.1822,34.74,28.98,0.0625,39.7,Poor
2019-01-01,Kargi/South Horr,0.0927,13.2,34.91,0.0862,19.83,Very poor
2019-02-01,Kargi/South Horr,0.1423,9.47,33.98,0.0675,27.57,Poor
2019-03-01,Kargi/South Horr,0.2829,67.67,33.64,0.0527,50.69,Moderate
2019-04-01,Kargi/South Horr,0.3464,71.4,31.03,0.0483,58.81,Moderate
2019-05-01,Kargi/South Horr,0.3643,63.18,29.76,0.0451,60.42,Good
2019-06-01,Kargi/South Horr,0.2677,22.25,28.63,0.058,44.88,Moderate
2019-07-01,Kargi/South Horr,0.2569,22.75,29.96,0.0581,43.11,Moderate
2019-08-01,Kargi/South Horr,0.2159,13.95,27.59,0.0651,39.12,Poor
2019-09-01,Kargi/South Horr,0.2321,31.65,28.7,0.0529,45.02,Moderate
2019-10-01,Kargi/South Horr,0.3739,80.1,30.48,0.0442,63.54,Good
2019-11-01,Kargi/South Horr,0.4981,114.86,30.07,0.0411,79.04,Good
2019-12-01,Kargi/South Horr,0.4133,62.65,31.89,0.0344,64.43,Good
2020-01-01,Kargi/South Horr,0.3125,20.09,33.05,0.0532,45.18,Moderate
2020-02-01,Kargi/South Horr,0.2574,15.83,33.25,0.0653,37.76,Poor
2020-03-01,Kargi/South Horr,0.3022,54.62,30.72,0.0464,53.6,Moderate
2020-04-01,Kargi/South Horr,0.3441,69.67,31.45,0.0389,60.11,Good
2020-05-01,Kargi/South Horr,0.3451,48.49,28.95,0.0536,55.39,Moderate
2020-06-01,Kargi/South Horr,0.2831,24.19,27.36,0.0701,44.61,Moderate
2020-07-01,Kargi/South Horr,0.2416,16.58,26.38,0.0479,46.14,Moderate
2020-08-01,Kargi/South Horr,0.1924,8.4,28.05,0.0675,35.65,Poor
2020-09-01,Kargi/South Horr,0.2204,27.86,28.29,0.0677,40.63,Moderate
2020-10-01,Kargi/South Horr,0.1949,13.5,30.13,0.0718,34.05,Poor
2020-11-01,Kargi/South Horr,0.2258,20.5,30.24,0.0602,39.88,Poor
2020-12-01,Kargi/South Horr,0.2637,36.14,32.51,0.0532,44.87,Moderate
2021-01-01,Kargi/South Horr,0.2078,9.4,33.89,0.0738,30.82,Poor
2021-02-01,Kargi/South Horr,0.1995,13.13,35.49,0.0621,32.17,Poor
2021-03-01,Kargi/South Horr,0.2035,16.69,34.58,0.0679,32.5,Poor
2021-04-01,Kargi/South Horr,0.2487,53.84,33.39,0.0489,47.03,Moderate
2021-05-01,Kargi/South Horr,0.2166,11.89,28.32,0.0568,40.11,Moderate
2021-06-01,Kargi/South Horr,0.1824,7.04,28.99,0.0648,34.58,Poor
2021-07-01,Kargi/South Horr,0.1688,8.2,29.23,0.0696,32.56,Poor
2021-08-01,Kargi/South Horr,0.1986,12.85,30.62,0.0628,35.81,Poor
2021-09-01,Kargi/South Horr,0.1805,9.32,30.7,0.0622,34.03,Poor
2021-10-01,Kargi/South Horr,0.1984,18.75,31.62,0.062,36.16,Poor
2021-11-01,Kargi/South Horr,0.2343,35.29,33.31,0.0578,41.0,Moderate
2021-12-01,Kargi/South Horr,0.24,22.94,32.25,0.0612,39.44,Poor
2022-01-01,Kargi/South Horr,0.1715,2.2,32.18,0.0717,28.92,Poor
2022-02-01,Kargi/South Horr,0.1845,9.63,32.46,0.0639,32.58,Poor
2022-03-01,Kargi/South Horr,0.2203,34.13,31.52,0.0549,41.92,Moderate
2022-04-01,Kargi/South Horr,0.2243,29.52,29.91,0.0514,43.49,Moderate
2022-05-01,Kargi/South Horr,0.2357,32.34,30.48,0.0626,41.81,Moderate
2022-06-01,Kargi/South Horr,0.2339,19.67,29.19,0.052,42.96,Moderate
2022-07-01,Kargi/South Horr,0.2177,13.03,28.54,0.062,39.01,Poor
2022-08-01,Kargi/South Horr,0.1971,7.73,27.03,0.0629,37.71,Poor
2022-09-01,Kargi/South Horr,0.1784,13.9,28.51,0.0658,35.61,Poor
2022-10-01,Kargi/South Horr,0.2126,19.83,32.1,0.0588,37.67,Poor
2022-11-01,Kargi/South Horr,0.2733,45.56,31.61,0.0645,45.34,Moderate
2022-12-01,Kargi/South Horr,0.3003,42.82,32.87,0.048,49.41,Moderate
2023-01-01,Kargi/South Horr,0.1912,7.35,34.58,0.0732,28.91,Poor
2023-02-01,Kargi/South Horr,0.1825,5.69,37.22,0.0667,27.35,Poor
2023-03-01,Kargi/South Horr,0.2111,29.15,33.34,0.0577,38.36,Poor
2023-04-01,Kargi/South Horr,0.374,104.07,28.15,0.0473,68.71,Good
2023-05-01,Kargi/South Horr,0.3428,27.23,27.98,0.0543,52.3,Moderate
2023-06-01,Kargi/South Horr,0.2637,20.88,28.51,0.0592,44.19,Moderate
2023-07-01,Kargi/South Horr,0.1974,9.53,29.41,0.0551,37.85,Poor
2023-08-01,Kargi/South Horr,0.2151,21.24,25.41,0.0516,45.02,Moderate
2023-09-01,Kargi/South Horr,0.2298,19.92,30.53,0.0593,40.04,Moderate
2023-10-01,Kargi/South Horr,0.3718,111.51,29.77,0.0406,70.0,Good
2023-11-01,Kargi/South Horr,0.5073,209.9,28.89,0.019,90.89,Very good
2023-12-01,Kargi/South Horr,0.478,85.22,30.5,0.0313,74.53,Good
2024-01-01,Kargi/South Horr,0.3066,10.76,33.74,0.0517,43.0,Moderate
2024-02-01,Kargi/South Horr,0.2253,10.69,32.5,0.0598,36.49,Poor
2024-03-01,Kargi/South Horr,0.3154,65.68,32.98,0.0567,52.26,Moderate
2024-04-01,Kargi/South Horr,0.4587,112.29,30.63,0.0341,76.97,Good
2024-05-01,Kargi/South Horr,0.4308,61.36,29.56,0.0377,66.58,Good
2024-06-01,Kargi/South Horr,0.318,18.31,28.69,0.0468,50.18,Moderate
2024-07-01,Kargi/South Horr,0.2131,4.56,28.38,0.062,37.42,Poor
2024-08-01,Kargi/South Horr,0.1835,10.73,27.87,0.0493,39.61,Poor
2024-09-01,Kargi/South Horr,0.2288,30.29,31.62,0.0619,40.24,Moderate
2024-10-01,Kargi/South Horr,0.3217,73.57,31.62,0.0446,57.79,Moderate
2024-11-01,Kargi/South Horr,0.4213,100.21,28.12,0.0378,73.52,Good
2024-12-01,Kargi/South Horr,0.3414,33.71,30.76,0.0392,54.42,Moderate
2025-01-01,Kargi/South Horr,0.2414,10.36,31.18,0.0637,37.74,Poor
2025-02-01,Kargi/South Horr,0.1898,4.5,33.43,0.0603,32.11,Poor
2025-03-01,Kargi/South Horr,0.3595,94.39,31.81,0.0499,62.57,Good
2025-04-01,Kargi/South Horr,0.3855,69.57,30.55,0.0522,60.77,Good
2025-05-01,Kargi/South Horr,0.3645,69.85,28.82,0.0414,63.13,Good
2025-06-01,Kargi/South Horr,0.2975,12.79,29.03,0.0418,48.68,Moderate
2025-07-01,Kargi/South Horr,0.2385,11.3,27.74,0.0534,42.73,Moderate
2025-08-01,Kargi/South Horr,0.2016,21.2,28.02,0.0636,39.31,Poor
2025-09-01,Kargi/South Horr,0.2211,18.29,29.0,0.0747,36.95,Poor
2025-10-01,Kargi/South Horr,0.3509,90.55,28.66,0.041,65.84,Good
2025-11-01,Kargi/South Horr,0.4864,115.18,30.77,0.0339,79.32,Good
2025-12-01,Kargi/South Horr,0.3982,53.25,32.03,0.0352,61.53,Good
2026-01-01,Kargi/South Horr,0.2736,9.98,32.78,0.0491,41.89,Moderate
2026-02-01,Kargi/South Horr,0.2683,24.88,33.12,0.0635,40.54,Moderate
2026-03-01,Kargi/South Horr,0.3111,52.52,30.48,0.0504,53.15,Moderate
2026-04-01,Kargi/South Horr,0.4302,140.0,28.16,0.0382,80.65,Very good
2026-05-01,Kargi/South Horr,0.4488,77.76,27.51,0.0405,71.59,Good
2019-01-01,Korr/Ngurunit,0.0406,21.19,31.48,0.0877,19.92,Very poor
2019-02-01,Korr/Ngurunit,0.0493,11.72,32.66,0.0746,20.93,Poor
2019-03-01,Korr/Ngurunit,0.1434,61.51,31.3,0.0699,37.92,Poor
2019-04-01,Korr/Ngurunit,0.2171,74.2,29.72,0.053,50.24,Moderate
2019-05-01,Korr/Ngurunit,0.2462,72.11,28.08,0.0625,51.13,Moderate
2019-06-01,Korr/Ngurunit,0.1423,18.17,27.88,0.075,32.24,Poor
2019-07-01,Korr/Ngurunit,0.0808,15.03,26.94,0.0708,29.1,Poor
2019-08-01,Korr/Ngurunit,0.0414,9.34,27.66,0.0709,24.79,Poor
2019-09-01,Korr/Ngurunit,0.0765,24.24,29.64,0.0725,27.8,Poor
2019-10-01,Korr/Ngurunit,0.1441,52.29,30.09,0.0734,36.63,Poor
2019-11-01,Korr/Ngurunit,0.2139,83.63,28.58,0.0647,49.88,Moderate
2019-12-01,Korr/Ngurunit,0.33,97.71,30.6,0.0528,61.4,Good
2020-01-01,Korr/Ngurunit,0.1753,14.37,31.64,0.0693,32.17,Poor
2020-02-01,Korr/Ngurunit,0.0839,10.98,33.59,0.0626,25.13,Poor
2020-03-01,Korr/Ngurunit,0.1437,52.8,29.35,0.0722,37.55,Poor
2020-04-01,Korr/Ngurunit,0.2817,110.88,30.55,0.0514,60.55,Good
2020-05-01,Korr/Ngurunit,0.2486,60.09,31.03,0.0649,46.41,Moderate
2020-06-01,Korr/Ngurunit,0.1521,21.15,27.19,0.0625,36.75,Poor
2020-07-01,Korr/Ngurunit,0.1007,21.3,28.16,0.0728,30.11,Poor
2020-08-01,Korr/Ngurunit,0.0463,0.44,27.17,0.0685,24.59,Poor
2020-09-01,Korr/Ngurunit,0.0765,28.36,28.9,0.0659,30.54,Poor
2020-10-01,Korr/Ngurunit,0.0838,22.69,31.77,0.0763,25.5,Poor
2020-11-01,Korr/Ngurunit,0.0975,32.78,28.98,0.0739,30.9,Poor
2020-12-01,Korr/Ngurunit,0.0945,20.17,31.83,0.0808,24.78,Poor
2021-01-01,Korr/Ngurunit,0.0345,6.47,33.13,0.083,16.77,Very poor
2021-02-01,Korr/Ngurunit,0.0302,12.45,35.78,0.0784,16.37,Very poor
2021-03-01,Korr/Ngurunit,0.0727,28.14,32.88,0.0691,26.34,Poor
2021-04-01,Korr/Ngurunit,0.1208,49.19,31.89,0.0733,33.07,Poor
2021-05-01,Korr/Ngurunit,0.1344,32.49,28.72,0.0858,31.0,Poor
2021-06-01,Korr/Ngurunit,0.0602,11.69,29.19,0.0756,24.24,Poor
2021-07-01,Korr/Ngurunit,0.0396,6.4,28.38,0.0682,24.2,Poor
2021-08-01,Korr/Ngurunit,0.0449,11.87,31.82,0.0842,19.17,Very poor
2021-09-01,Korr/Ngurunit,0.03,0.68,30.29,0.0794,18.56,Very poor
2021-10-01,Korr/Ngurunit,0.0336,29.7,30.97,0.0772,23.6,Poor
2021-11-01,Korr/Ngurunit,0.1142,43.94,28.21,0.0704,35.33,Poor
2021-12-01,Korr/Ngurunit,0.1458,48.22,31.9,0.0657,36.33,Poor
2022-01-01,Korr/Ngurunit,0.0692,12.08,32.5,0.0759,22.21,Poor
2022-02-01,Korr/Ngurunit,0.0549,4.54,32.72,0.0851,17.73,Very poor
2022-03-01,Korr/Ngurunit,0.0885,35.62,33.18,0.0758,26.98,Poor
2022-04-01,Korr/Ngurunit,0.0574,7.89,29.56,0.0844,21.15,Poor
2022-05-01,Korr/Ngurunit,0.1033,38.56,31.98,0.0808,28.34,Poor
2022-06-01,Korr/Ngurunit,0.0612,5.62,28.89,0.0786,22.87,Poor
2022-07-01,Korr/Ngurunit,0.03,1.79,27.04,0.0843,20.25,Poor
2022-08-01,Korr/Ngurunit,0.0327,8.29,29.17,0.0776,21.31,Poor
2022-09-01,Korr/Ngurunit,0.0319,7.45,30.37,0.0815,19.29,Very poor
2022-10-01,Korr/Ngurunit,0.0563,33.71,31.75,0.0964,20.96,Poor
2022-11-01,Korr/Ngurunit,0.1179,40.87,30.27,0.0882,29.47,Poor
2022-12-01,Korr/Ngurunit,0.0956,30.52,31.28,0.0732,28.71,Poor
2023-01-01,Korr/Ngurunit,0.0585,7.4,33.19,0.0807,19.07,Very poor
2023-02-01,Korr/Ngurunit,0.0385,6.12,34.29,0.0872,15.12,Very poor
2023-03-01,Korr/Ngurunit,0.0603,21.21,33.38,0.0764,22.29,Poor
2023-04-01,Korr/Ngurunit,0.2362,98.18,31.52,0.056,53.47,Moderate
2023-05-01,Korr/Ngurunit,0.2888,83.05,26.81,0.0495,59.84,Moderate
2023-06-01,Korr/Ngurunit,0.1727,23.17,26.81,0.0658,38.12,Poor
2023-07-01,Korr/Ngurunit,0.1052,16.55,27.67,0.0752,29.5,Poor
2023-08-01,Korr/Ngurunit,0.0884,24.5,26.97,0.067,32.02,Poor
2023-09-01,Korr/Ngurunit,0.0839,17.82,29.72,0.0726,27.14,Poor
2023-10-01,Korr/Ngurunit,0.2722,136.23,30.73,0.0606,61.92,Good
2023-11-01,Korr/Ngurunit,0.3691,132.46,26.19,0.0565,72.62,Good
2023-12-01,Korr/Ngurunit,0.3902,116.81,31.09,0.052,68.58,Good
2024-01-01,Korr/Ngurunit,0.1762,5.94,33.73,0.0514,33.13,Poor
2024-02-01,Korr/Ngurunit,0.0883,7.03,31.58,0.0732,24.05,Poor
2024-03-01,Korr/Ngurunit,0.2005,72.6,30.72,0.0631,45.74,Moderate
2024-04-01,Korr/Ngurunit,0.1833,53.54,30.52,0.0685,40.34,Moderate
2024-05-01,Korr/Ngurunit,0.1979,65.78,28.6,0.0645,45.82,Moderate
2024-06-01,Korr/Ngurunit,0.1162,10.15,26.05,0.065,32.76,Poor
2024-07-01,Korr/Ngurunit,0.1069,22.48,26.35,0.0621,34.57,Poor
2024-08-01,Korr/Ngurunit,0.0729,15.43,27.36,0.0694,28.58,Poor
2024-09-01,Korr/Ngurunit,0.0566,11.32,29.65,0.0805,22.46,Poor
2024-10-01,Korr/Ngurunit,0.1585,74.64,32.22,0.0709,40.23,Moderate
2024-11-01,Korr/Ngurunit,0.2389,70.41,29.31,0.0503,52.07,Moderate
2024-12-01,Korr/Ngurunit,0.2794,87.94,28.71,0.0531,57.67,Moderate
2025-01-01,Korr/Ngurunit,0.2025,33.41,30.78,0.0632,39.31,Poor
2025-02-01,Korr/Ngurunit,0.0842,3.31,30.82,0.0865,20.79,Poor
2025-03-01,Korr/Ngurunit,0.1839,66.17,29.42,0.0604,45.16,Moderate
2025-04-01,Korr/Ngurunit,0.2932,98.18,30.03,0.0515,59.64,Moderate
2025-05-01,Korr/Ngurunit,0.1735,40.52,26.38,0.0701,40.44,Moderate
2025-06-01,Korr/Ngurunit,0.1376,19.75,28.89,0.0751,31.35,Poor
2025-07-01,Korr/Ngurunit,0.1075,16.0,27.13,0.075,30.04,Poor
2025-08-01,Korr/Ngurunit,0.0695,15.37,26.83,0.0768,27.12,Poor
2025-09-01,Korr/Ngurunit,0.0747,14.1,28.28,0.0684,27.99,Poor
2025-10-01,Korr/Ngurunit,0.1326,57.97,29.65,0.0732,37.18,Poor
2025-11-01,Korr/Ngurunit,0.1978,73.08,28.51,0.074,45.0,Moderate
2025-12-01,Korr/Ngurunit,0.2257,62.13,30.85,0.0618,45.97,Moderate
2026-01-01,Korr/Ngurunit,0.1662,26.94,32.78,0.0703,32.5,Poor
2026-02-01,Korr/Ngurunit,0.0787,10.05,30.99,0.0946,19.6,Very poor
2026-03-01,Korr/Ngurunit,0.1593,57.95,29.43,0.0712,39.65,Poor
2026-04-01,Korr/Ngurunit,0.2288,82.8,30.53,0.0588,50.55,Moderate
2026-05-01,Korr/Ngurunit,0.2916,84.03,29.4,0.0553,56.83,Moderate
2019-01-01,Laisamis,0.1621,13.86,31.38,0.0591,33.65,Poor
2019-02-01,Laisamis,0.25,15.23,31.22,0.0593,40.11,Moderate
2019-03-01,Laisamis,0.3626,55.39,31.16,0.0339,60.38,Good
2019-04-01,Laisamis,0.5342,106.4,28.04,0.0255,82.86,Very good
2019-05-01,Laisamis,0.5186,69.22,28.59,0.0352,74.07,Good
2019-06-01,Laisamis,0.4208,26.97,28.97,0.0358,61.05,Good
2019-07-01,Laisamis,0.359,13.23,29.03,0.042,52.99,Moderate
2019-08-01,Laisamis,0.3175,18.7,27.94,0.0561,48.75,Moderate
2019-09-01,Laisamis,0.3212,23.89,30.31,0.0526,48.76,Moderate
2019-10-01,Laisamis,0.3745,50.73,31.96,0.0402,58.39,Moderate
2019-11-01,Laisamis,0.4665,70.63,30.5,0.0291,71.78,Good
2019-12-01,Laisamis,0.4931,69.67,31.05,0.0147,76.25,Good
2020-01-01,Laisamis,0.3372,7.1,33.77,0.0484,45.24,Moderate
2020-02-01,Laisamis,0.333,21.74,33.15,0.0515,47.19,Moderate
2020-03-01,Laisamis,0.3995,60.07,30.74,0.0474,61.06,Good
2020-04-01,Laisamis,0.3978,41.39,30.71,0.0383,59.89,Moderate
2020-05-01,Laisamis,0.479,76.95,28.68,0.035,73.86,Good
2020-06-01,Laisamis,0.3676,11.13,27.2,0.0426,54.57,Moderate
2020-07-01,Laisamis,0.3207,11.41,26.72,0.0474,50.67,Moderate
2020-08-01,Laisamis,0.2855,6.89,28.16,0.0575,44.05,Moderate
2020-09-01,Laisamis,0.308,27.22,28.8,0.0484,50.51,Moderate
2020-10-01,Laisamis,0.3083,21.43,31.82,0.052,46.36,Moderate
2020-11-01,Laisamis,0.3521,34.91,29.59,0.0444,55.16,Moderate
2020-12-01,Laisamis,0.3699,35.35,34.54,0.0403,53.42,Moderate
2021-01-01,Laisamis,0.3149,4.68,31.82,0.0422,46.2,Moderate
2021-02-01,Laisamis,0.2813,4.37,32.14,0.0518,41.42,Moderate
2021-03-01,Laisamis,0.3205,24.42,33.48,0.0498,46.87,Moderate
2021-04-01,Laisamis,0.4043,58.36,31.55,0.0407,61.97,Good
2021-05-01,Laisamis,0.4332,47.47,29.06,0.0375,64.88,Good
2021-06-01,Laisamis,0.326,6.75,30.19,0.0467,47.63,Moderate
2021-07-01,Laisamis,0.2921,4.11,31.29,0.0521,42.73,Moderate
2021-08-01,Laisamis,0.2744,5.06,27.77,0.0498,44.98,Moderate
2021-09-01,Laisamis,0.2902,12.92,30.9,0.0507,44.7,Moderate
2021-10-01,Laisamis,0.3103,28.05,31.67,0.0498,48.22,Moderate
2021-11-01,Laisamis,0.3518,35.71,29.78,0.0407,55.94,Moderate
2021-12-01,Laisamis,0.3847,51.64,31.01,0.0308,62.11,Good
2022-01-01,Laisamis,0.3082,4.05,35.59,0.0369,43.81,Moderate
2022-02-01,Laisamis,0.2873,4.41,34.85,0.0541,39.16,Poor
2022-03-01,Laisamis,0.3107,27.19,34.46,0.0451,46.91,Moderate
2022-04-01,Laisamis,0.3934,53.38,30.46,0.0383,61.77,Good
2022-05-01,Laisamis,0.3731,38.69,30.86,0.049,55.22,Moderate
2022-06-01,Laisamis,0.3379,10.68,28.92,0.0465,50.19,Moderate
2022-07-01,Laisamis,0.282,6.09,30.38,0.0584,41.69,Moderate
2022-08-01,Laisamis,0.2665,4.11,29.69,0.0564,41.27,Moderate
2022-09-01,Laisamis,0.2649,5.46,32.57,0.0534,39.76,Poor
2022-10-01,Laisamis,0.2932,28.67,30.07,0.0559,47.05,Moderate
2022-11-01,Laisamis,0.3799,49.03,30.43,0.0326,61.38,Good
2022-12-01,Laisamis,0.3313,21.63,33.47,0.041,49.12,Moderate
2023-01-01,Laisamis,0.3052,7.06,33.57,0.0499,42.81,Moderate
2023-02-01,Laisamis,0.2937,4.5,34.9,0.0594,38.41,Poor
2023-03-01,Laisamis,0.33,35.21,33.29,0.0575,47.78,Moderate
2023-04-01,Laisamis,0.5265,116.85,27.43,0.0286,84.4,Very good
2023-05-01,Laisamis,0.528,78.86,27.92,0.0118,81.4,Very good
2023-06-01,Laisamis,0.4197,29.02,27.33,0.0417,61.31,Good
2023-07-01,Laisamis,0.3616,19.39,25.77,0.0437,56.44,Moderate
2023-08-01,Laisamis,0.2992,14.64,28.73,0.0508,47.33,Moderate
2023-09-01,Laisamis,0.3087,17.71,30.54,0.0571,45.66,Moderate
2023-10-01,Laisamis,0.4884,93.93,28.24,0.0368,77.29,Good
2023-11-01,Laisamis,0.58,113.19,28.51,0.0142,86.12,Very good
2023-12-01,Laisamis,0.58,157.94,30.09,0.0221,89.23,Very good
2024-01-01,Laisamis,0.4539,16.3,32.31,0.0326,59.62,Moderate
2024-02-01,Laisamis,0.3664,14.33,34.04,0.042,49.7,Moderate
2024-03-01,Laisamis,0.3555,27.02,30.03,0.0381,55.13,Moderate
2024-04-01,Laisamis,0.4056,62.41,31.77,0.0497,60.55,Good
2024-05-01,Laisamis,0.4184,53.31,28.38,0.0369,65.49,Good
2024-06-01,Laisamis,0.3931,26.03,25.9,0.0381,60.88,Good
2024-07-01,Laisamis,0.3144,5.59,26.07,0.0423,50.91,Moderate
2024-08-01,Laisamis,0.297,6.2,25.23,0.0492,48.94,Moderate
2024-09-01,Laisamis,0.31,24.85,30.44,0.0384,51.18,Moderate
2024-10-01,Laisamis,0.3883,55.65,31.93,0.0487,58.32,Moderate
2024-11-01,Laisamis,0.4029,46.08,28.23,0.0397,62.69,Good
2024-12-01,Laisamis,0.4563,67.82,30.75,0.0396,68.06,Good
2025-01-01,Laisamis,0.3695,13.64,31.34,0.0447,51.37,Moderate
2025-02-01,Laisamis,0.3336,16.67,31.31,0.0472,48.81,Moderate
2025-03-01,Laisamis,0.3803,57.33,31.54,0.0478,58.55,Moderate
2025-04-01,Laisamis,0.5662,119.72,27.84,0.0261,85.1,Very good
2025-05-01,Laisamis,0.4734,34.85,28.27,0.0378,66.15,Good
2025-06-01,Laisamis,0.3668,25.09,26.33,0.0471,56.56,Moderate
2025-07-01,Laisamis,0.329,14.29,26.14,0.054,50.72,Moderate
2025-08-01,Laisamis,0.3249,18.44,28.7,0.0526,49.38,Moderate
2025-09-01,Laisamis,0.3384,23.3,30.33,0.0439,51.78,Moderate
2025-10-01,Laisamis,0.4422,84.0,30.13,0.0312,72.15,Good
2025-11-01,Laisamis,0.5032,75.93,28.33,0.0338,75.69,Good
2025-12-01,Laisamis,0.4683,57.35,29.85,0.0317,69.63,Good
2026-01-01,Laisamis,0.4111,20.14,32.2,0.0376,56.23,Moderate
2026-02-01,Laisamis,0.333,13.28,34.48,0.0603,42.76,Moderate
2026-03-01,Laisamis,0.4513,70.37,31.74,0.0358,68.19,Good
2026-04-01,Laisamis,0.5202,91.59,28.32,0.0363,77.76,Good
2026-05-01,Laisamis,0.5155,70.31,29.29,0.0369,73.31,Good
2019-01-01,Logologo,0.0982,9.86,31.37,0.0697,26.15,Poor
2019-02-01,Logologo,0.1702,19.67,31.47,0.0674,33.25,Poor
2019-03-01,Logologo,0.2727,60.17,30.75,0.0553,50.46,Moderate
2019-04-01,Logologo,0.3971,97.05,31.11,0.0442,67.47,Good
2019-05-01,Logologo,0.4183,76.9,28.67,0.0394,68.63,Good
2019-06-01,Logologo,0.2981,24.59,28.15,0.0553,48.38,Moderate
2019-07-01,Logologo,0.2575,22.3,27.2,0.0569,45.56,Moderate
2019-08-01,Logologo,0.2329,27.2,28.55,0.0631,42.2,Moderate
2019-09-01,Logologo,0.235,24.23,30.39,0.0681,39.27,Poor
2019-10-01,Logologo,0.2687,47.55,30.18,0.0585,47.82,Moderate
2019-11-01,Logologo,0.4188,113.8,27.3,0.0371,76.43,Good
2019-12-01,Logologo,0.364,39.92,33.04,0.0427,54.44,Moderate
2020-01-01,Logologo,0.2691,8.16,32.37,0.0558,40.13,Moderate
2020-02-01,Logologo,0.1916,4.31,32.09,0.0546,34.55,Poor
2020-03-01,Logologo,0.3116,60.7,32.57,0.0451,54.08,Moderate
2020-04-01,Logologo,0.3869,91.48,31.67,0.0328,67.93,Good
2020-05-01,Logologo,0.4238,88.57,28.3,0.0302,73.3,Good
2020-06-01,Logologo,0.3272,27.54,28.99,0.0527,50.81,Moderate
2020-07-01,Logologo,0.2544,17.97,28.04,0.0587,43.55,Moderate
2020-08-01,Logologo,0.2042,13.71,27.93,0.0588,39.39,Poor
2020-09-01,Logologo,0.2273,24.04,28.8,0.0586,42.09,Moderate
2020-10-01,Logologo,0.2118,18.77,29.69,0.054,40.43,Moderate
2020-11-01,Logologo,0.2432,38.59,29.34,0.0564,45.67,Moderate
2020-12-01,Logologo,0.2722,38.98,33.14,0.054,45.27,Moderate
2021-01-01,Logologo,0.2071,5.54,34.01,0.0639,32.23,Poor
2021-02-01,Logologo,0.214,9.39,33.72,0.0554,35.49,Poor
2021-03-01,Logologo,0.2502,31.92,34.99,0.0679,37.99,Poor
2021-04-01,Logologo,0.25,27.12,31.54,0.0648,40.6,Moderate
2021-05-01,Logologo,0.2431,37.86,30.26,0.0597,44.08,Moderate
2021-06-01,Logologo,0.2028,3.9,28.42,0.0599,37.01,Poor
2021-07-01,Logologo,0.1899,11.87,28.72,0.063,36.51,Poor
2021-08-01,Logologo,0.1885,8.66,28.23,0.0673,35.32,Poor
2021-09-01,Logologo,0.1889,10.16,33.17,0.0594,33.4,Poor
2021-10-01,Logologo,0.2085,18.33,34.1,0.0586,35.57,Poor
2021-11-01,Logologo,0.2243,28.02,31.82,0.0508,41.85,Moderate
2021-12-01,Logologo,0.2431,37.21,31.02,0.0557,44.24,Moderate
2022-01-01,Logologo,0.2029,2.83,35.97,0.0649,29.71,Poor
2022-02-01,Logologo,0.1791,2.07,34.31,0.0764,26.67,Poor
2022-03-01,Logologo,0.2104,26.13,33.94,0.0683,34.96,Poor
2022-04-01,Logologo,0.2166,28.87,31.3,0.0533,41.31,Moderate
2022-05-01,Logologo,0.2349,37.37,29.58,0.0674,42.24,Moderate
2022-06-01,Logologo,0.2228,14.73,30.44,0.0508,40.64,Moderate
2022-07-01,Logologo,0.2138,11.13,28.58,0.0554,39.86,Poor
2022-08-01,Logologo,0.186,8.56,29.15,0.0641,35.1,Poor
2022-09-01,Logologo,0.1464,11.05,31.06,0.0657,30.86,Poor
2022-10-01,Logologo,0.2189,17.22,31.04,0.0588,38.52,Poor
2022-11-01,Logologo,0.262,52.99,31.23,0.0534,48.54,Moderate
2022-12-01,Logologo,0.2525,24.91,31.54,0.0573,42.09,Moderate
2023-01-01,Logologo,0.2083,5.29,34.49,0.0544,34.0,Poor
2023-02-01,Logologo,0.1526,2.65,36.41,0.0658,25.59,Poor
2023-03-01,Logologo,0.1845,23.36,34.04,0.0698,32.28,Poor
2023-04-01,Logologo,0.3708,98.95,29.49,0.0441,67.27,Good
2023-05-01,Logologo,0.4028,79.93,29.27,0.0399,67.46,Good
2023-06-01,Logologo,0.3139,17.06,26.89,0.0445,51.63,Moderate
2023-07-01,Logologo,0.2437,15.49,26.84,0.0612,42.78,Moderate
2023-08-01,Logologo,0.2101,15.38,26.6,0.0613,40.58,Moderate
2023-09-01,Logologo,0.2183,14.91,30.32,0.0641,37.5,Poor
2023-10-01,Logologo,0.3499,90.4,28.05,0.0474,64.82,Good
2023-11-01,Logologo,0.4705,136.48,29.75,0.0361,82.08,Very good
2023-12-01,Logologo,0.5352,130.78,29.06,0.025,86.22,Very good
2024-01-01,Logologo,0.3408,19.81,30.55,0.0538,48.98,Moderate
2024-02-01,Logologo,0.2522,6.57,32.49,0.0606,37.52,Poor
2024-03-01,Logologo,0.2335,26.8,31.96,0.0511,42.11,Moderate
2024-04-01,Logologo,0.3629,83.08,28.95,0.0515,62.86,Good
2024-05-01,Logologo,0.4549,96.91,28.41,0.0366,75.34,Good
2024-06-01,Logologo,0.3012,20.84,28.73,0.045,49.79,Moderate
2024-07-01,Logologo,0.2531,9.94,28.05,0.0589,42.08,Moderate
2024-08-01,Logologo,0.2402,28.25,27.89,0.0555,45.1,Moderate
2024-09-01,Logologo,0.2596,31.67,28.26,0.0535,47.17,Moderate
2024-10-01,Logologo,0.317,66.16,30.54,0.0551,54.77,Moderate
2024-11-01,Logologo,0.3829,81.4,29.88,0.0506,63.45,Good
2024-12-01,Logologo,0.3972,68.77,29.3,0.0495,63.05,Good
2025-01-01,Logologo,0.263,7.03,31.98,0.0561,39.75,Poor
2025-02-01,Logologo,0.2411,19.63,33.49,0.0572,38.86,Poor
2025-03-01,Logologo,0.3002,51.91,30.54,0.0498,52.4,Moderate
2025-04-01,Logologo,0.3899,89.19,28.34,0.041,68.59,Good
2025-05-01,Logologo,0.3489,40.44,29.29,0.0426,56.48,Moderate
2025-06-01,Logologo,0.2587,27.57,28.5,0.053,46.34,Moderate
2025-07-01,Logologo,0.2238,14.28,27.9,0.0615,40.28,Moderate
2025-08-01,Logologo,0.2009,9.01,27.36,0.0736,35.55,Poor
2025-09-01,Logologo,0.2112,22.01,30.98,0.0534,40.03,Moderate
2025-10-01,Logologo,0.3358,84.87,29.95,0.0441,62.12,Good
2025-11-01,Logologo,0.4537,101.71,28.56,0.0397,75.26,Good
2025-12-01,Logologo,0.4447,73.46,29.95,0.0244,72.22,Good
2026-01-01,Logologo,0.3143,20.51,32.11,0.0558,45.54,Moderate
2026-02-01,Logologo,0.2489,22.93,32.55,0.0607,39.94,Poor
2026-03-01,Logologo,0.2945,55.32,31.9,0.0578,49.69,Moderate
2026-04-01,Logologo,0.4155,89.06,30.03,0.0353,70.28,Good
2026-05-01,Logologo,0.4433,89.39,28.85,0.0462,70.8,Good
2019-01-01,Loiyangalani,0.0617,22.65,32.78,0.0781,22.74,Poor
2019-02-01,Loiyangalani,0.0621,4.64,32.95,0.0755,20.21,Poor
2019-03-01,Loiyangalani,0.2498,81.52,31.56,0.0606,50.58,Moderate
2019-04-01,Loiyangalani,0.2541,55.57,28.89,0.054,50.16,Moderate
2019-05-01,Loiyangalani,0.279,60.22,30.05,0.0654,49.21,Moderate
2019-06-01,Loiyangalani,0.2233,20.31,27.87,0.056,42.5,Moderate
2019-07-01,Loiyangalani,0.1766,21.76,28.64,0.0615,37.64,Poor
2019-08-01,Loiyangalani,0.1469,20.12,28.61,0.0671,34.05,Poor
2019-09-01,Loiyangalani,0.1459,19.92,28.17,0.0622,35.4,Poor
2019-10-01,Loiyangalani,0.2645,72.21,28.74,0.0526,54.09,Moderate
2019-11-01,Loiyangalani,0.3622,94.6,30.35,0.0447,65.13,Good
2019-12-01,Loiyangalani,0.3461,73.14,29.16,0.0511,59.96,Moderate
2020-01-01,Loiyangalani,0.1845,1.18,30.58,0.0687,31.6,Poor
2020-02-01,Loiyangalani,0.1529,14.15,31.0,0.0637,32.33,Poor
2020-03-01,Loiyangalani,0.2139,53.36,31.36,0.0576,44.2,Moderate
2020-04-01,Loiyangalani,0.3211,104.1,29.39,0.0421,65.17,Good
2020-05-01,Loiyangalani,0.3275,62.13,27.33,0.0565,57.09,Moderate
2020-06-01,Loiyangalani,0.2273,29.94,27.62,0.0507,45.75,Moderate
2020-07-01,Loiyangalani,0.1714,13.82,28.22,0.0644,35.63,Poor
2020-08-01,Loiyangalani,0.1519,10.45,28.74,0.064,33.39,Poor
2020-09-01,Loiyangalani,0.151,22.77,30.07,0.0743,32.01,Poor
2020-10-01,Loiyangalani,0.1423,20.43,31.33,0.07,30.97,Poor
2020-11-01,Loiyangalani,0.228,55.46,28.49,0.0597,47.37,Moderate
2020-12-01,Loiyangalani,0.1992,30.09,33.93,0.0645,35.7,Poor
2021-01-01,Loiyangalani,0.1397,11.07,33.34,0.0711,27.37,Poor
2021-02-01,Loiyangalani,0.0792,0.65,34.04,0.0763,19.7,Very poor
2021-03-01,Loiyangalani,0.1544,26.15,33.63,0.0697,30.99,Poor
2021-04-01,Loiyangalani,0.2228,63.54,32.02,0.0541,46.77,Moderate
2021-05-01,Loiyangalani,0.1937,40.1,28.52,0.0694,40.23,Moderate
2021-06-01,Loiyangalani,0.1542,12.11,30.7,0.0708,30.74,Poor
2021-07-01,Loiyangalani,0.1216,1.39,29.21,0.0709,27.84,Poor
2021-08-01,Loiyangalani,0.1027,9.77,29.18,0.0743,27.18,Poor
2021-09-01,Loiyangalani,0.105,3.14,30.12,0.0674,27.03,Poor
2021-10-01,Loiyangalani,0.1369,29.4,28.08,0.0523,38.61,Poor
2021-11-01,Loiyangalani,0.1561,28.41,31.76,0.078,31.13,Poor
2021-12-01,Loiyangalani,0.1592,26.93,31.23,0.0608,35.36,Poor
2022-01-01,Loiyangalani,0.1231,6.83,33.51,0.0759,24.3,Poor
2022-02-01,Loiyangalani,0.0878,7.05,35.69,0.0773,19.82,Very poor
2022-03-01,Loiyangalani,0.175,46.06,32.86,0.0704,36.21,Poor
2022-04-01,Loiyangalani,0.1801,34.38,30.53,0.0562,39.65,Poor
2022-05-01,Loiyangalani,0.1895,30.71,31.57,0.073,35.13,Poor
2022-06-01,Loiyangalani,0.1542,13.67,29.21,0.0668,33.08,Poor
2022-07-01,Loiyangalani,0.1166,6.37,27.78,0.0736,28.87,Poor
2022-08-01,Loiyangalani,0.1014,7.07,29.13,0.0602,29.81,Poor
2022-09-01,Loiyangalani,0.1207,11.9,30.19,0.0576,31.71,Poor
2022-10-01,Loiyangalani,0.1257,26.9,31.14,0.0702,30.99,Poor
2022-11-01,Loiyangalani,0.1895,40.65,31.84,0.0621,39.0,Poor
2022-12-01,Loiyangalani,0.2277,40.24,31.68,0.0643,41.23,Moderate
2023-01-01,Loiyangalani,0.147,7.82,33.18,0.0688,27.98,Poor
2023-02-01,Loiyangalani,0.1168,5.08,35.28,0.0691,23.65,Poor
2023-03-01,Loiyangalani,0.1645,42.13,30.56,0.066,37.64,Poor
2023-04-01,Loiyangalani,0.2712,74.65,28.31,0.0651,52.53,Moderate
2023-05-01,Loiyangalani,0.2605,42.59,28.13,0.05,49.93,Moderate
2023-06-01,Loiyangalani,0.2154,31.09,26.02,0.0598,44.39,Moderate
2023-07-01,Loiyangalani,0.1638,17.7,27.05,0.0651,36.54,Poor
2023-08-01,Loiyangalani,0.1449,13.22,25.74,0.064,35.76,Poor
2023-09-01,Loiyangalani,0.1209,19.12,31.2,0.0759,28.05,Poor
2023-10-01,Loiyangalani,0.3363,113.41,30.45,0.0545,64.19,Good
2023-11-01,Loiyangalani,0.3938,103.63,27.17,0.0361,73.3,Good
2023-12-01,Loiyangalani,0.4757,149.93,29.15,0.0365,85.09,Very good
2024-01-01,Loiyangalani,0.2593,11.58,30.88,0.0686,38.35,Poor
2024-02-01,Loiyangalani,0.2019,17.37,32.62,0.0745,32.6,Poor
2024-03-01,Loiyangalani,0.2242,50.5,32.4,0.0654,41.88,Moderate
2024-04-01,Loiyangalani,0.2544,60.43,29.34,0.0528,50.91,Moderate
2024-05-01,Loiyangalani,0.2738,61.58,28.74,0.0522,53.06,Moderate
2024-06-01,Loiyangalani,0.2102,21.22,26.2,0.0721,39.49,Poor
2024-07-01,Loiyangalani,0.161,19.25,27.8,0.0781,33.1,Poor
2024-08-01,Loiyangalani,0.1343,17.82,27.94,0.0741,31.78,Poor
2024-09-01,Loiyangalani,0.1664,28.11,30.42,0.0613,36.59,Poor
2024-10-01,Loiyangalani,0.2193,57.19,29.54,0.0503,48.29,Moderate
2024-11-01,Loiyangalani,0.2589,57.81,29.78,0.044,52.37,Moderate
2024-12-01,Loiyangalani,0.285,71.37,29.03,0.051,55.51,Moderate
2025-01-01,Loiyangalani,0.2159,16.09,31.91,0.065,36.05,Poor
2025-02-01,Loiyangalani,0.1735,15.28,30.92,0.0636,34.06,Poor
2025-03-01,Loiyangalani,0.2153,54.32,30.98,0.0662,42.86,Moderate
2025-04-01,Loiyangalani,0.2871,68.46,30.01,0.0475,55.16,Moderate
2025-05-01,Loiyangalani,0.3692,93.35,29.13,0.053,64.54,Good
2025-06-01,Loiyangalani,0.2251,15.56,28.31,0.0541,41.9,Moderate
2025-07-01,Loiyangalani,0.1722,9.7,27.95,0.0644,35.23,Poor
2025-08-01,Loiyangalani,0.1522,13.97,26.56,0.0758,33.1,Poor
2025-09-01,Loiyangalani,0.1482,12.24,27.25,0.0722,32.8,Poor
2025-10-01,Loiyangalani,0.1742,38.1,31.0,0.0615,38.3,Poor
2025-11-01,Loiyangalani,0.2652,63.23,30.09,0.0562,50.77,Moderate
2025-12-01,Loiyangalani,0.3263,81.11,29.38,0.0528,59.34,Moderate
2026-01-01,Loiyangalani,0.1956,17.18,32.59,0.0728,32.52,Poor
2026-02-01,Loiyangalani,0.1769,26.66,33.84,0.0623,34.14,Poor
2026-03-01,Loiyangalani,0.2543,66.18,31.68,0.0464,51.41,Moderate
2026-04-01,Loiyangalani,0.3441,92.12,30.12,0.0409,64.48,Good
2026-05-01,Loiyangalani,0.2661,37.92,28.48,0.0572,47.66,Moderate
2019-01-01,Maikona,0.1208,15.3,31.38,0.0714,28.26,Poor
2019-02-01,Maikona,0.1289,8.73,30.49,0.0762,27.37,Poor
2019-03-01,Maikona,0.2527,55.21,31.98,0.0572,46.82,Moderate
2019-04-01,Maikona,0.3241,69.07,31.18,0.0542,55.43,Moderate
2019-05-01,Maikona,0.4028,78.15,26.69,0.0339,70.57,Good
2019-06-01,Maikona,0.2679,15.02,30.61,0.0532,43.17,Moderate
2019-07-01,Maikona,0.2342,20.93,28.44,0.0505,44.13,Moderate
2019-08-01,Maikona,0.1758,4.18,29.33,0.0804,29.9,Poor
2019-09-01,Maikona,0.1825,13.45,28.58,0.0644,36.07,Poor
2019-10-01,Maikona,0.3005,62.01,29.4,0.0487,55.26,Moderate
2019-11-01,Maikona,0.3847,92.64,27.15,0.0396,70.07,Good
2019-12-01,Maikona,0.4127,74.55,31.19,0.0375,66.24,Good
2020-01-01,Maikona,0.2799,11.22,31.78,0.0514,42.85,Moderate
2020-02-01,Maikona,0.2346,20.34,33.74,0.045,41.05,Moderate
2020-03-01,Maikona,0.2468,44.45,30.28,0.0703,43.05,Moderate
2020-04-01,Maikona,0.3209,65.26,31.67,0.0419,56.92,Moderate
2020-05-01,Maikona,0.3361,48.49,27.36,0.0527,56.24,Moderate
2020-06-01,Maikona,0.2489,16.98,25.91,0.0664,42.98,Moderate
2020-07-01,Maikona,0.1961,8.68,25.45,0.0712,37.2,Poor
2020-08-01,Maikona,0.1785,19.81,28.05,0.0721,35.56,Poor
2020-09-01,Maikona,0.1909,14.14,28.23,0.066,36.68,Poor
2020-10-01,Maikona,0.1777,12.4,30.68,0.0742,31.68,Poor
2020-11-01,Maikona,0.2379,40.46,29.81,0.0606,44.31,Moderate
2020-12-01,Maikona,0.2591,40.78,30.91,0.0541,46.4,Moderate
2021-01-01,Maikona,0.2179,12.41,31.29,0.0499,39.43,Poor
2021-02-01,Maikona,0.1926,7.16,33.35,0.0614,32.56,Poor
2021-03-01,Maikona,0.1935,17.1,32.46,0.0639,34.46,Poor
2021-04-01,Maikona,0.1975,28.05,31.01,0.0595,38.7,Poor
2021-05-01,Maikona,0.2423,38.9,29.59,0.0429,48.45,Moderate
2021-06-01,Maikona,0.2242,15.51,27.31,0.0578,41.8,Moderate
2021-07-01,Maikona,0.1733,5.4,28.86,0.0721,32.14,Poor
2021-08-01,Maikona,0.197,8.51,29.11,0.0638,35.97,Poor
2021-09-01,Maikona,0.1464,9.08,30.71,0.058,32.52,Poor
2021-10-01,Maikona,0.2733,51.38,33.88,0.0568,46.19,Moderate
2021-11-01,Maikona,0.2456,27.2,30.73,0.0619,41.61,Moderate
2021-12-01,Maikona,0.252,33.56,32.26,0.0496,44.63,Moderate
2022-01-01,Maikona,0.1956,0.27,34.8,0.0671,29.21,Poor
2022-02-01,Maikona,0.1691,2.97,35.48,0.0652,27.67,Poor
2022-03-01,Maikona,0.1802,14.54,32.5,0.0688,31.96,Poor
2022-04-01,Maikona,0.2269,32.87,31.48,0.0628,40.45,Moderate
2022-05-01,Maikona,0.2186,29.87,31.18,0.0648,39.15,Poor
2022-06-01,Maikona,0.1724,4.79,30.3,0.0629,32.86,Poor
2022-07-01,Maikona,0.1523,7.0,30.42,0.0683,30.54,Poor
2022-08-01,Maikona,0.1378,7.15,26.4,0.0659,33.29,Poor
2022-09-01,Maikona,0.1468,12.46,30.16,0.0731,30.22,Poor
2022-10-01,Maikona,0.2077,33.78,29.2,0.0632,40.99,Moderate
2022-11-01,Maikona,0.2374,37.78,30.51,0.0608,43.21,Moderate
2022-12-01,Maikona,0.2152,26.5,31.86,0.0539,40.25,Moderate
2023-01-01,Maikona,0.2017,4.85,33.8,0.0607,32.61,Poor
2023-02-01,Maikona,0.1831,13.77,33.53,0.0709,30.75,Poor
2023-03-01,Maikona,0.1761,19.39,34.09,0.0639,32.32,Poor
2023-04-01,Maikona,0.3509,98.6,29.27,0.0422,66.44,Good
2023-05-01,Maikona,0.3971,65.24,28.87,0.0481,63.1,Good
2023-06-01,Maikona,0.2552,12.82,28.08,0.0578,42.9,Moderate
2023-07-01,Maikona,0.2519,24.63,28.71,0.0582,44.06,Moderate
2023-08-01,Maikona,0.2065,24.55,28.36,0.0711,38.29,Poor
2023-09-01,Maikona,0.2367,25.98,28.68,0.065,41.73,Moderate
2023-10-01,Maikona,0.4348,123.03,27.14,0.0403,78.5,Good
2023-11-01,Maikona,0.5062,210.29,29.38,0.023,89.61,Very good
2023-12-01,Maikona,0.5207,212.86,30.0,0.0274,88.13,Very good
2024-01-01,Maikona,0.3257,13.13,30.82,0.0544,46.48,Moderate
2024-02-01,Maikona,0.2639,12.3,32.76,0.0647,38.15,Poor
2024-03-01,Maikona,0.2313,36.49,33.17,0.0582,41.01,Moderate
2024-04-01,Maikona,0.418,112.08,28.94,0.0394,74.24,Good
2024-05-01,Maikona,0.4071,66.49,28.92,0.0363,66.6,Good
2024-06-01,Maikona,0.3082,22.52,26.59,0.0474,51.75,Moderate
2024-07-01,Maikona,0.2331,8.44,25.94,0.0632,41.16,Moderate
2024-08-01,Maikona,0.2035,16.28,28.52,0.0625,38.47,Poor
2024-09-01,Maikona,0.2136,25.59,28.22,0.0577,42.04,Moderate
2024-10-01,Maikona,0.2681,48.85,30.68,0.0489,49.72,Moderate
2024-11-01,Maikona,0.3853,94.99,29.41,0.0479,66.85,Good
2024-12-01,Maikona,0.3379,49.53,29.38,0.0421,57.27,Moderate
2025-01-01,Maikona,0.2769,17.99,29.78,0.0626,42.86,Moderate
2025-02-01,Maikona,0.2276,10.27,34.79,0.0666,33.23,Poor
2025-03-01,Maikona,0.3104,67.74,31.46,0.0456,55.95,Moderate
2025-04-01,Maikona,0.3429,67.83,32.73,0.0492,56.42,Moderate
2025-05-01,Maikona,0.3938,72.74,28.69,0.0425,65.52,Good
2025-06-01,Maikona,0.2532,6.63,29.8,0.0529,41.46,Moderate
2025-07-01,Maikona,0.2115,21.75,27.58,0.0552,42.31,Moderate
2025-08-01,Maikona,0.1851,11.62,26.73,0.0549,39.52,Poor
2025-09-01,Maikona,0.245,36.77,31.13,0.0603,43.21,Moderate
2025-10-01,Maikona,0.3456,79.22,30.36,0.0539,59.35,Moderate
2025-11-01,Maikona,0.4476,101.41,29.4,0.0252,77.34,Good
2025-12-01,Maikona,0.4113,65.87,31.44,0.0421,63.49,Good
2026-01-01,Maikona,0.2774,11.67,31.77,0.0522,42.57,Moderate
2026-02-01,Maikona,0.2107,13.81,33.17,0.0607,35.25,Poor
2026-03-01,Maikona,0.3046,73.78,29.67,0.0527,56.4,Moderate
2026-04-01,Maikona,0.3597,67.55,30.21,0.0331,63.12,Good
2026-05-01,Maikona,0.3064,32.36,29.06,0.0555,49.48,Moderate
2019-01-01,Marsabit Central,0.1138,15.69,32.94,0.0635,28.34,Poor
2019-02-01,Marsabit Central,0.1265,12.77,33.07,0.0725,26.64,Poor
2019-03-01,Marsabit Central,0.2986,83.35,32.38,0.0441,57.31,Moderate
2019-04-01,Marsabit Central,0.3519,65.12,29.86,0.0568,57.2,Moderate
2019-05-01,Marsabit Central,0.3958,88.22,27.79,0.0374,70.09,Good
2019-06-01,Marsabit Central,0.2663,10.61,28.07,0.0509,44.86,Moderate
2019-07-01,Marsabit Central,0.2256,18.69,24.72,0.0465,47.02,Moderate
2019-08-01,Marsabit Central,0.1815,13.9,26.12,0.0639,38.15,Poor
2019-09-01,Marsabit Central,0.2056,27.43,30.49,0.0583,39.83,Poor
2019-10-01,Marsabit Central,0.3257,76.42,28.57,0.0552,58.63,Moderate
2019-11-01,Marsabit Central,0.4458,123.28,26.52,0.0379,80.34,Very good
2019-12-01,Marsabit Central,0.3578,49.78,30.21,0.0421,58.04,Moderate
2020-01-01,Marsabit Central,0.2375,10.85,30.33,0.0588,39.32,Poor
2020-02-01,Marsabit Central,0.2423,24.95,33.04,0.0532,41.09,Moderate
2020-03-01,Marsabit Central,0.3528,86.7,31.43,0.0418,62.94,Good
2020-04-01,Marsabit Central,0.3642,71.86,30.03,0.0449,61.69,Good
2020-05-01,Marsabit Central,0.379,67.08,29.94,0.0425,62.52,Good
2020-06-01,Marsabit Central,0.2863,20.0,26.58,0.0591,47.2,Moderate
2020-07-01,Marsabit Central,0.2124,20.0,26.69,0.0569,42.44,Moderate
2020-08-01,Marsabit Central,0.203,13.55,27.62,0.0529,40.83,Moderate
2020-09-01,Marsabit Central,0.1665,8.07,30.23,0.0683,31.85,Poor
2020-10-01,Marsabit Central,0.1847,21.96,31.17,0.0673,34.91,Poor
2020-11-01,Marsabit Central,0.2132,29.79,30.16,0.0648,39.58,Poor
2020-12-01,Marsabit Central,0.2541,43.17,33.7,0.0698,40.72,Moderate
2021-01-01,Marsabit Central,0.1829,3.67,32.17,0.0644,31.59,Poor
2021-02-01,Marsabit Central,0.1758,6.21,32.05,0.0657,31.33,Poor
2021-03-01,Marsabit Central,0.2032,26.46,33.09,0.0673,35.42,Poor
2021-04-01,Marsabit Central,0.2513,49.6,31.95,0.055,46.31,Moderate
2021-05-01,Marsabit Central,0.2353,26.05,29.03,0.0594,42.61,Moderate
2021-06-01,Marsabit Central,0.1504,1.07,27.04,0.0588,34.22,Poor
2021-07-01,Marsabit Central,0.1538,0.0,27.14,0.0615,33.61,Poor
2021-08-01,Marsabit Central,0.1436,10.54,28.96,0.0707,31.14,Poor
2021-09-01,Marsabit Central,0.1343,2.97,28.7,0.0696,29.69,Poor
2021-10-01,Marsabit Central,0.1532,25.43,31.5,0.0601,34.63,Poor
2021-11-01,Marsabit Central,0.1998,32.76,30.82,0.0681,37.88,Poor
2021-12-01,Marsabit Central,0.2722,45.8,31.69,0.0629,45.57,Moderate
2022-01-01,Marsabit Central,0.1792,5.01,34.45,0.0672,29.11,Poor
2022-02-01,Marsabit Central,0.1802,5.77,34.19,0.0673,29.49,Poor
2022-03-01,Marsabit Central,0.1943,30.64,31.21,0.0626,38.05,Poor
2022-04-01,Marsabit Central,0.2528,41.91,30.32,0.0613,45.02,Moderate
2022-05-01,Marsabit Central,0.2053,18.44,27.83,0.0499,42.32,Moderate
2022-06-01,Marsabit Central,0.1845,6.61,29.21,0.0559,36.45,Poor
2022-07-01,Marsabit Central,0.134,1.66,27.8,0.0678,30.56,Poor
2022-08-01,Marsabit Central,0.1578,10.18,29.96,0.065,32.56,Poor
2022-09-01,Marsabit Central,0.1409,6.85,30.98,0.0856,25.41,Poor
2022-10-01,Marsabit Central,0.1823,25.72,32.96,0.0642,34.63,Poor
2022-11-01,Marsabit Central,0.2332,36.47,31.89,0.0528,43.38,Moderate
2022-12-01,Marsabit Central,0.2182,24.76,30.73,0.0655,38.5,Poor
2023-01-01,Marsabit Central,0.1973,9.34,32.07,0.0666,33.14,Poor
2023-02-01,Marsabit Central,0.1638,1.42,32.82,0.0757,26.84,Poor
2023-03-01,Marsabit Central,0.1918,28.13,31.3,0.0574,38.54,Poor
2023-04-01,Marsabit Central,0.2352,53.86,29.88,0.0627,45.82,Moderate
2023-05-01,Marsabit Central,0.3415,75.93,30.22,0.0497,59.57,Moderate
2023-06-01,Marsabit Central,0.239,13.08,29.41,0.0666,38.81,Poor
2023-07-01,Marsabit Central,0.205,9.55,28.04,0.072,35.74,Poor
2023-08-01,Marsabit Central,0.1834,12.2,27.48,0.0607,37.62,Poor
2023-09-01,Marsabit Central,0.1613,14.56,30.58,0.0748,30.86,Poor
2023-10-01,Marsabit Central,0.3969,132.59,28.51,0.039,76.62,Good
2023-11-01,Marsabit Central,0.4733,119.57,29.64,0.0279,81.38,Very good
2023-12-01,Marsabit Central,0.4024,53.33,30.82,0.045,60.61,Good
2024-01-01,Marsabit Central,0.271,13.01,33.4,0.0414,43.45,Moderate
2024-02-01,Marsabit Central,0.199,13.06,33.46,0.0613,33.94,Poor
2024-03-01,Marsabit Central,0.3259,78.92,33.68,0.0655,52.7,Moderate
2024-04-01,Marsabit Central,0.379,84.07,28.6,0.0422,66.5,Good
2024-05-01,Marsabit Central,0.445,99.54,31.3,0.0299,74.29,Good
2024-06-01,Marsabit Central,0.3445,36.9,26.42,0.0568,54.73,Moderate
2024-07-01,Marsabit Central,0.2519,13.25,28.1,0.0598,42.29,Moderate
2024-08-01,Marsabit Central,0.2124,16.15,28.58,0.0533,41.07,Moderate
2024-09-01,Marsabit Central,0.2133,29.62,28.79,0.058,42.16,Moderate
2024-10-01,Marsabit Central,0.3339,84.88,30.67,0.049,60.31,Good
2024-11-01,Marsabit Central,0.424,97.66,28.8,0.0462,70.87,Good
2024-12-01,Marsabit Central,0.3644,61.89,29.39,0.0355,62.63,Good
2025-01-01,Marsabit Central,0.2497,13.55,34.34,0.0552,38.23,Poor
2025-02-01,Marsabit Central,0.1714,8.5,33.62,0.0681,29.6,Poor
2025-03-01,Marsabit Central,0.3297,79.34,30.91,0.0576,57.0,Moderate
2025-04-01,Marsabit Central,0.4422,103.31,29.65,0.0413,73.5,Good
2025-05-01,Marsabit Central,0.3615,43.47,28.1,0.0366,60.16,Good
2025-06-01,Marsabit Central,0.2521,12.9,27.3,0.0517,44.68,Moderate
2025-07-01,Marsabit Central,0.1818,9.62,27.22,0.071,35.0,Poor
2025-08-01,Marsabit Central,0.1575,5.11,25.68,0.0688,34.27,Poor
2025-09-01,Marsabit Central,0.1791,16.74,27.33,0.0671,36.77,Poor
2025-10-01,Marsabit Central,0.2351,42.5,29.69,0.0517,46.51,Moderate
2025-11-01,Marsabit Central,0.357,89.07,28.01,0.0567,63.04,Good
2025-12-01,Marsabit Central,0.3866,73.35,30.48,0.0472,62.63,Good
2026-01-01,Marsabit Central,0.2467,16.13,33.78,0.0562,38.66,Poor
2026-02-01,Marsabit Central,0.2498,20.18,32.56,0.0566,40.44,Moderate
2026-03-01,Marsabit Central,0.2681,47.02,31.75,0.0476,48.85,Moderate
2026-04-01,Marsabit Central,0.3451,66.82,28.19,0.0477,60.35,Good
2026-05-01,Marsabit Central,0.3883,83.97,27.67,0.047,66.81,Good
2019-01-01,Moyale Township,0.1094,6.97,32.33,0.0749,24.54,Poor
2019-02-01,Moyale Township,0.1763,19.28,31.05,0.0658,34.31,Poor
2019-03-01,Moyale Township,0.319,60.86,31.24,0.0536,53.79,Moderate
2019-04-01,Moyale Township,0.3557,52.22,31.66,0.0484,55.74,Moderate
2019-05-01,Moyale Township,0.4066,74.62,30.32,0.0384,66.33,Good
2019-06-01,Moyale Township,0.3184,20.6,29.57,0.0435,50.63,Moderate
2019-07-01,Moyale Township,0.2676,15.78,28.74,0.0624,42.73,Moderate
2019-08-01,Moyale Township,0.2721,18.21,27.96,0.0617,44.23,Moderate
2019-09-01,Moyale Township,0.2714,25.01,29.64,0.0542,45.64,Moderate
2019-10-01,Moyale Township,0.2955,40.91,29.87,0.0658,47.2,Moderate
2019-11-01,Moyale Township,0.411,81.9,28.87,0.0347,69.83,Good
2019-12-01,Moyale Township,0.3863,44.38,30.91,0.0593,54.76,Moderate
2020-01-01,Moyale Township,0.3007,21.94,33.39,0.0533,44.38,Moderate
2020-02-01,Moyale Township,0.2699,16.6,32.26,0.0545,41.97,Moderate
2020-03-01,Moyale Township,0.3399,58.26,33.33,0.0481,54.37,Moderate
2020-04-01,Moyale Township,0.4307,83.76,29.78,0.0291,72.04,Good
2020-05-01,Moyale Township,0.4643,79.91,30.12,0.0281,73.71,Good
2020-06-01,Moyale Township,0.3719,31.38,28.87,0.0358,58.43,Moderate
2020-07-01,Moyale Township,0.2881,11.3,28.62,0.0652,42.89,Moderate
2020-08-01,Moyale Township,0.2458,18.45,28.6,0.0557,43.24,Moderate
2020-09-01,Moyale Township,0.275,25.44,31.82,0.0512,44.88,Moderate
2020-10-01,Moyale Township,0.2447,15.3,31.05,0.0548,40.88,Moderate
2020-11-01,Moyale Township,0.2841,39.64,30.74,0.0588,47.06,Moderate
2020-12-01,Moyale Township,0.3029,35.04,32.43,0.0478,48.7,Moderate
2021-01-01,Moyale Township,0.2515,14.72,33.17,0.069,36.42,Poor
2021-02-01,Moyale Township,0.2388,9.11,35.96,0.0602,34.32,Poor
2021-03-01,Moyale Township,0.2432,30.73,35.28,0.0686,36.89,Poor
2021-04-01,Moyale Township,0.276,24.98,27.12,0.0594,46.79,Moderate
2021-05-01,Moyale Township,0.2605,29.1,29.78,0.0544,45.41,Moderate
2021-06-01,Moyale Township,0.2546,6.94,30.98,0.0658,37.8,Poor
2021-07-01,Moyale Township,0.2012,6.13,27.68,0.0585,38.19,Poor
2021-08-01,Moyale Township,0.2043,3.31,29.73,0.0622,35.47,Poor
2021-09-01,Moyale Township,0.1793,5.59,31.79,0.0514,34.85,Poor
2021-10-01,Moyale Township,0.2292,22.48,31.54,0.0585,39.79,Poor
2021-11-01,Moyale Township,0.2621,32.62,30.83,0.0608,43.84,Moderate
2021-12-01,Moyale Township,0.2505,21.06,32.02,0.0537,41.71,Moderate
2022-01-01,Moyale Township,0.2077,8.6,32.26,0.0668,33.53,Poor
2022-02-01,Moyale Township,0.2203,8.68,33.86,0.0528,36.27,Poor
2022-03-01,Moyale Township,0.2434,26.4,34.08,0.057,39.73,Poor
2022-04-01,Moyale Township,0.3054,49.42,30.68,0.0586,50.26,Moderate
2022-05-01,Moyale Township,0.3217,33.48,28.62,0.0454,53.34,Moderate
2022-06-01,Moyale Township,0.2372,5.64,32.08,0.0685,34.88,Poor
2022-07-01,Moyale Township,0.2245,7.9,30.11,0.0652,36.67,Poor
2022-08-01,Moyale Township,0.2233,8.62,30.59,0.0666,36.01,Poor
2022-09-01,Moyale Township,0.2027,3.9,32.18,0.0632,33.28,Poor
2022-10-01,Moyale Township,0.2459,26.4,31.28,0.0572,42.09,Moderate
2022-11-01,Moyale Township,0.2756,31.04,30.38,0.0545,46.28,Moderate
2022-12-01,Moyale Township,0.2592,22.06,32.25,0.0633,40.18,Moderate
2023-01-01,Moyale Township,0.2148,9.2,32.1,0.0516,37.65,Poor
2023-02-01,Moyale Township,0.2385,11.96,35.89,0.0582,35.26,Poor
2023-03-01,Moyale Township,0.2563,29.25,33.86,0.058,41.05,Moderate
2023-04-01,Moyale Township,0.3268,50.07,28.48,0.0446,56.75,Moderate
2023-05-01,Moyale Township,0.3406,51.31,28.68,0.0431,58.1,Moderate
2023-06-01,Moyale Township,0.2815,16.92,28.15,0.0574,45.47,Moderate
2023-07-01,Moyale Township,0.2624,22.69,28.08,0.0584,44.93,Moderate
2023-08-01,Moyale Township,0.2478,20.97,28.83,0.0516,44.53,Moderate
2023-09-01,Moyale Township,0.2694,29.04,29.44,0.0561,45.91,Moderate
2023-10-01,Moyale Township,0.4536,128.67,28.4,0.0247,83.22,Very good
2023-11-01,Moyale Township,0.5438,192.48,27.78,0.0323,88.82,Very good
2023-12-01,Moyale Township,0.58,172.6,30.45,0.0213,89.13,Very good
2024-01-01,Moyale Township,0.3883,15.94,31.01,0.0444,53.4,Moderate
2024-02-01,Moyale Township,0.3238,17.21,30.92,0.0527,47.31,Moderate
2024-03-01,Moyale Township,0.3388,47.71,33.14,0.0434,53.73,Moderate
2024-04-01,Moyale Township,0.4525,105.97,28.05,0.0398,76.27,Good
2024-05-01,Moyale Township,0.465,72.23,27.32,0.0344,73.31,Good
2024-06-01,Moyale Township,0.3345,18.78,28.38,0.0539,50.08,Moderate
2024-07-01,Moyale Township,0.2608,8.07,28.16,0.0545,43.18,Moderate
2024-08-01,Moyale Township,0.2363,14.61,27.44,0.0649,40.82,Moderate
2024-09-01,Moyale Township,0.2758,25.67,28.59,0.0557,46.56,Moderate
2024-10-01,Moyale Township,0.3078,56.0,29.63,0.0443,55.56,Moderate
2024-11-01,Moyale Township,0.4126,87.67,28.06,0.0387,70.65,Good
2024-12-01,Moyale Township,0.4298,66.04,29.33,0.0371,67.62,Good
2025-01-01,Moyale Township,0.3333,14.86,31.66,0.0515,47.26,Moderate
2025-02-01,Moyale Township,0.2628,16.42,32.3,0.0566,40.93,Moderate
2025-03-01,Moyale Township,0.4069,88.11,32.4,0.037,67.26,Good
2025-04-01,Moyale Township,0.391,68.68,27.95,0.0483,63.94,Good
2025-05-01,Moyale Township,0.4424,74.91,29.09,0.0289,71.97,Good
2025-06-01,Moyale Township,0.3317,17.79,28.15,0.0488,51.05,Moderate
2025-07-01,Moyale Township,0.2832,11.84,26.1,0.0551,46.9,Moderate
2025-08-01,Moyale Township,0.2455,12.91,28.05,0.0536,43.21,Moderate
2025-09-01,Moyale Township,0.2577,21.98,30.3,0.0644,41.37,Moderate
2025-10-01,Moyale Township,0.3089,46.85,28.76,0.0396,55.86,Moderate
2025-11-01,Moyale Township,0.4863,116.82,29.62,0.0214,83.29,Very good
2025-12-01,Moyale Township,0.4811,75.17,30.88,0.032,72.6,Good
2026-01-01,Moyale Township,0.3167,10.68,31.25,0.0384,48.63,Moderate
2026-02-01,Moyale Township,0.258,12.83,30.7,0.0543,41.79,Moderate
2026-03-01,Moyale Township,0.2972,41.99,32.2,0.0575,47.49,Moderate
2026-04-01,Moyale Township,0.3111,44.07,29.0,0.0422,54.77,Moderate
2026-05-01,Moyale Township,0.3305,58.44,30.33,0.06,53.5,Moderate
2019-01-01,North Horr,0.0635,14.25,31.65,0.0702,24.12,Poor
2019-02-01,North Horr,0.1353,19.14,31.84,0.0765,28.42,Poor
2019-03-01,North Horr,0.2639,68.06,30.06,0.0626,50.08,Moderate
2019-04-01,North Horr,0.2712,53.11,29.54,0.0613,48.81,Moderate
2019-05-01,North Horr,0.2947,62.31,29.87,0.0572,52.63,Moderate
2019-06-01,North Horr,0.2217,18.08,27.95,0.0581,41.49,Moderate
2019-07-01,North Horr,0.1819,12.79,26.74,0.0702,36.09,Poor
2019-08-01,North Horr,0.1715,16.45,27.57,0.054,38.91,Poor
2019-09-01,North Horr,0.1745,19.19,28.54,0.0638,36.61,Poor
2019-10-01,North Horr,0.2797,73.42,30.32,0.0595,52.56,Moderate
2019-11-01,North Horr,0.3549,88.46,30.57,0.0484,62.6,Good
2019-12-01,North Horr,0.3225,45.17,30.3,0.0397,55.26,Moderate
2020-01-01,North Horr,0.2347,21.9,30.47,0.0488,43.09,Moderate
2020-02-01,North Horr,0.1993,18.98,34.23,0.0677,32.9,Poor
2020-03-01,North Horr,0.3296,93.54,32.48,0.0414,61.71,Good
2020-04-01,North Horr,0.3536,70.65,28.28,0.0482,61.42,Good
2020-05-01,North Horr,0.2997,39.03,28.06,0.0462,52.98,Moderate
2020-06-01,North Horr,0.2383,25.25,27.54,0.0604,43.65,Moderate
2020-07-01,North Horr,0.1616,15.45,27.96,0.0622,35.93,Poor
2020-08-01,North Horr,0.1944,19.91,27.0,0.0591,40.42,Moderate
2020-09-01,North Horr,0.172,19.28,28.9,0.067,35.47,Poor
2020-10-01,North Horr,0.1741,24.2,33.68,0.067,32.61,Poor
2020-11-01,North Horr,0.1765,31.46,30.99,0.068,35.91,Poor
2020-12-01,North Horr,0.1668,15.83,32.62,0.0633,32.37,Poor
2021-01-01,North Horr,0.1402,7.19,32.12,0.0649,29.1,Poor
2021-02-01,North Horr,0.142,10.85,32.88,0.0786,26.2,Poor
2021-03-01,North Horr,0.172,19.94,34.08,0.0725,30.22,Poor
2021-04-01,North Horr,0.1776,28.64,28.66,0.0654,37.97,Poor
2021-05-01,North Horr,0.187,26.61,28.64,0.0724,36.75,Poor
2021-06-01,North Horr,0.1505,13.51,29.21,0.0622,33.82,Poor
2021-07-01,North Horr,0.1425,9.81,29.05,0.0672,31.66,Poor
2021-08-01,North Horr,0.1039,5.91,28.93,0.0681,28.21,Poor
2021-09-01,North Horr,0.1364,7.93,30.28,0.0624,31.0,Poor
2021-10-01,North Horr,0.1405,17.17,30.34,0.0753,29.91,Poor
2021-11-01,North Horr,0.2005,38.93,31.98,0.063,39.18,Poor
2021-12-01,North Horr,0.2455,46.38,32.32,0.0618,43.54,Moderate
2022-01-01,North Horr,0.1822,11.34,33.53,0.0535,34.16,Poor
2022-02-01,North Horr,0.1433,7.4,33.9,0.0697,26.88,Poor
2022-03-01,North Horr,0.1795,27.88,35.5,0.0746,30.45,Poor
2022-04-01,North Horr,0.2146,44.21,31.72,0.0636,41.1,Moderate
2022-05-01,North Horr,0.2611,48.28,30.69,0.0537,48.06,Moderate
2022-06-01,North Horr,0.2012,7.66,29.77,0.0616,36.08,Poor
2022-07-01,North Horr,0.1377,4.47,27.43,0.0674,31.69,Poor
2022-08-01,North Horr,0.1299,6.01,28.95,0.0656,30.59,Poor
2022-09-01,North Horr,0.1271,8.51,31.28,0.0587,30.46,Poor
2022-10-01,North Horr,0.1674,24.96,32.78,0.0721,31.86,Poor
2022-11-01,North Horr,0.1935,33.85,30.61,0.0608,39.41,Poor
2022-12-01,North Horr,0.1845,21.17,30.57,0.0628,36.26,Poor
2023-01-01,North Horr,0.1544,2.07,32.93,0.0604,29.61,Poor
2023-02-01,North Horr,0.1095,5.56,32.8,0.0752,23.86,Poor
2023-03-01,North Horr,0.1741,26.06,32.06,0.0679,34.02,Poor
2023-04-01,North Horr,0.3527,107.57,28.81,0.0523,66.16,Good
2023-05-01,North Horr,0.3676,68.72,28.3,0.0454,62.68,Good
2023-06-01,North Horr,0.2868,32.13,29.45,0.038,51.65,Moderate
2023-07-01,North Horr,0.2186,21.05,26.05,0.0616,42.5,Moderate
2023-08-01,North Horr,0.1717,11.9,29.01,0.0638,34.84,Poor
2023-09-01,North Horr,0.1759,13.28,30.27,0.0624,34.68,Poor
2023-10-01,North Horr,0.2892,77.14,29.43,0.0493,56.82,Moderate
2023-11-01,North Horr,0.3943,106.19,27.84,0.0505,70.03,Good
2023-12-01,North Horr,0.4261,105.01,27.41,0.0325,76.4,Good
2024-01-01,North Horr,0.2948,20.81,32.44,0.0518,44.87,Moderate
2024-02-01,North Horr,0.2304,27.12,32.28,0.0638,38.87,Poor
2024-03-01,North Horr,0.2842,51.27,32.11,0.0568,48.36,Moderate
2024-04-01,North Horr,0.336,78.18,28.75,0.0551,59.53,Moderate
2024-05-01,North Horr,0.3312,65.6,29.21,0.0503,57.79,Moderate
2024-06-01,North Horr,0.2288,9.15,28.52,0.0528,41.21,Moderate
2024-07-01,North Horr,0.1598,12.21,28.95,0.064,34.07,Poor
2024-08-01,North Horr,0.1562,9.97,28.45,0.0682,32.9,Poor
2024-09-01,North Horr,0.1585,25.3,30.72,0.0667,34.13,Poor
2024-10-01,North Horr,0.2476,61.9,28.88,0.0484,52.02,Moderate
2024-11-01,North Horr,0.3375,74.78,27.79,0.0492,61.15,Good
2024-12-01,North Horr,0.4375,110.09,30.57,0.0462,72.48,Good
2025-01-01,North Horr,0.2837,21.21,34.08,0.0459,44.15,Moderate
2025-02-01,North Horr,0.2247,16.22,34.85,0.0507,37.51,Poor
2025-03-01,North Horr,0.23,43.77,33.46,0.0542,42.8,Moderate
2025-04-01,North Horr,0.2423,38.2,29.1,0.0583,45.31,Moderate
2025-05-01,North Horr,0.3683,107.18,27.2,0.0589,67.02,Good
2025-06-01,North Horr,0.2574,12.51,27.75,0.0547,43.97,Moderate
2025-07-01,North Horr,0.204,16.57,26.8,0.0655,39.25,Poor
2025-08-01,North Horr,0.1429,7.57,28.37,0.0747,30.19,Poor
2025-09-01,North Horr,0.1531,21.43,28.46,0.0703,34.11,Poor
2025-10-01,North Horr,0.2111,39.49,28.53,0.0573,44.02,Moderate
2025-11-01,North Horr,0.3274,84.93,29.69,0.054,59.54,Moderate
2025-12-01,North Horr,0.3927,82.96,30.94,0.0401,65.89,Good
2026-01-01,North Horr,0.2594,15.95,31.54,0.0605,40.35,Moderate
2026-02-01,North Horr,0.1971,11.71,32.67,0.0708,32.11,Poor
2026-03-01,North Horr,0.2455,49.63,32.1,0.0483,47.27,Moderate
2026-04-01,North Horr,0.3586,90.57,31.78,0.0485,62.21,Good
2026-05-01,North Horr,0.453,108.65,28.64,0.0375,76.79,Good
2019-01-01,Obbu,0.088,17.48,30.55,0.0764,25.89,Poor
2019-02-01,Obbu,0.111,17.8,33.76,0.0661,27.26,Poor
2019-03-01,Obbu,0.229,68.57,29.27,0.066,47.6,Moderate
2019-04-01,Obbu,0.2981,71.46,30.1,0.0404,57.95,Moderate
2019-05-01,Obbu,0.3344,67.79,29.02,0.0503,58.52,Moderate
2019-06-01,Obbu,0.2226,18.04,26.7,0.0604,42.03,Moderate
2019-07-01,Obbu,0.1684,18.96,26.91,0.0703,36.03,Poor
2019-08-01,Obbu,0.1832,24.48,29.37,0.0614,37.98,Poor
2019-09-01,Obbu,0.2034,42.59,28.16,0.0585,44.03,Moderate
2019-10-01,Obbu,0.1981,33.03,30.9,0.0656,38.28,Poor
2019-11-01,Obbu,0.3394,92.69,28.98,0.0514,62.82,Good
2019-12-01,Obbu,0.3315,71.76,31.08,0.0453,58.45,Moderate
2020-01-01,Obbu,0.2304,11.0,32.01,0.0582,37.63,Poor
2020-02-01,Obbu,0.1541,8.13,32.58,0.0764,27.31,Poor
2020-03-01,Obbu,0.1934,50.17,31.03,0.0623,41.45,Moderate
2020-04-01,Obbu,0.2957,81.17,31.22,0.045,57.47,Moderate
2020-05-01,Obbu,0.3739,96.04,30.55,0.0416,66.72,Good
2020-06-01,Obbu,0.2223,11.84,29.01,0.053,40.77,Moderate
2020-07-01,Obbu,0.1618,12.54,26.46,0.0715,34.58,Poor
2020-08-01,Obbu,0.1457,11.46,29.33,0.0721,30.84,Poor
2020-09-01,Obbu,0.1373,11.93,29.68,0.0767,29.04,Poor
2020-10-01,Obbu,0.1466,13.65,34.12,0.0681,28.33,Poor
2020-11-01,Obbu,0.2233,59.74,29.18,0.0601,47.11,Moderate
2020-12-01,Obbu,0.1766,18.83,30.98,0.0646,34.58,Poor
2021-01-01,Obbu,0.1379,8.87,32.99,0.0675,27.95,Poor
2021-02-01,Obbu,0.0872,6.7,33.78,0.075,21.75,Poor
2021-03-01,Obbu,0.1633,31.89,33.38,0.0615,34.61,Poor
2021-04-01,Obbu,0.1992,44.1,31.21,0.0545,42.43,Moderate
2021-05-01,Obbu,0.1928,29.93,31.13,0.066,37.13,Poor
2021-06-01,Obbu,0.155,6.31,31.2,0.071,29.38,Poor
2021-07-01,Obbu,0.1145,5.02,25.82,0.0775,29.2,Poor
2021-08-01,Obbu,0.1114,6.89,28.85,0.0657,29.49,Poor
2021-09-01,Obbu,0.139,8.29,29.53,0.0734,29.39,Poor
2021-10-01,Obbu,0.1658,40.61,33.01,0.0664,35.43,Poor
2021-11-01,Obbu,0.162,10.76,29.35,0.0717,31.94,Poor
2021-12-01,Obbu,0.1733,35.11,31.77,0.0626,36.88,Poor
2022-01-01,Obbu,0.1527,10.07,33.56,0.0734,27.44,Poor
2022-02-01,Obbu,0.1315,8.42,35.86,0.0804,22.28,Poor
2022-03-01,Obbu,0.1411,27.38,33.4,0.0771,28.81,Poor
2022-04-01,Obbu,0.2313,55.53,30.8,0.0583,46.06,Moderate
2022-05-01,Obbu,0.206,35.72,30.55,0.0585,41.16,Moderate
2022-06-01,Obbu,0.1388,13.7,27.04,0.0661,33.9,Poor
2022-07-01,Obbu,0.1288,3.21,30.15,0.0756,26.87,Poor
2022-08-01,Obbu,0.1126,7.19,30.07,0.0754,26.5,Poor
2022-09-01,Obbu,0.1115,10.72,29.32,0.0695,28.9,Poor
2022-10-01,Obbu,0.1567,28.84,31.91,0.0736,32.11,Poor
2022-11-01,Obbu,0.1736,31.07,30.37,0.0661,36.56,Poor
2022-12-01,Obbu,0.1522,20.9,32.08,0.0677,31.65,Poor
2023-01-01,Obbu,0.1253,12.45,32.95,0.072,26.71,Poor
2023-02-01,Obbu,0.1208,3.93,33.81,0.0672,25.36,Poor
2023-03-01,Obbu,0.168,41.26,32.37,0.0706,35.26,Poor
2023-04-01,Obbu,0.2106,52.0,29.93,0.0641,43.43,Moderate
2023-05-01,Obbu,0.1596,15.94,27.3,0.0743,33.71,Poor
2023-06-01,Obbu,0.1613,24.36,27.2,0.0616,38.13,Poor
2023-07-01,Obbu,0.1525,19.55,27.6,0.0671,35.16,Poor
2023-08-01,Obbu,0.152,16.75,28.49,0.0554,36.55,Poor
2023-09-01,Obbu,0.1428,16.87,29.23,0.065,33.2,Poor
2023-10-01,Obbu,0.3356,112.96,27.5,0.0546,66.42,Good
2023-11-01,Obbu,0.3881,94.83,28.25,0.04,69.71,Good
2023-12-01,Obbu,0.4463,108.53,28.67,0.0331,77.25,Good
2024-01-01,Obbu,0.2386,9.65,31.12,0.0543,39.57,Poor
2024-02-01,Obbu,0.1888,15.59,34.56,0.0603,32.99,Poor
2024-03-01,Obbu,0.2217,45.55,30.53,0.0538,44.94,Moderate
2024-04-01,Obbu,0.2623,53.31,29.38,0.0597,48.7,Moderate
2024-05-01,Obbu,0.2584,50.25,28.54,0.0572,49.14,Moderate
2024-06-01,Obbu,0.146,3.09,27.57,0.0757,30.08,Poor
2024-07-01,Obbu,0.1187,10.64,27.51,0.0578,33.45,Poor
2024-08-01,Obbu,0.1522,14.82,26.93,0.0617,36.1,Poor
2024-09-01,Obbu,0.1299,18.96,29.38,0.0754,30.21,Poor
2024-10-01,Obbu,0.238,61.34,30.12,0.0742,44.53,Moderate
2024-11-01,Obbu,0.3361,93.64,29.43,0.0428,64.29,Good
2024-12-01,Obbu,0.3905,82.36,30.21,0.0377,66.75,Good
2025-01-01,Obbu,0.2044,8.43,32.06,0.0671,33.37,Poor
2025-02-01,Obbu,0.1669,22.05,32.72,0.0579,34.55,Poor
2025-03-01,Obbu,0.221,43.12,30.84,0.0619,42.45,Moderate
2025-04-01,Obbu,0.366,108.14,26.81,0.0483,69.69,Good
2025-05-01,Obbu,0.3519,70.55,29.05,0.0552,59.1,Moderate
2025-06-01,Obbu,0.2172,8.81,27.61,0.0636,38.67,Poor
2025-07-01,Obbu,0.1659,14.16,29.16,0.0688,33.58,Poor
2025-08-01,Obbu,0.1745,25.13,28.96,0.059,38.36,Poor
2025-09-01,Obbu,0.1568,21.11,30.25,0.0618,34.78,Poor
2025-10-01,Obbu,0.2577,71.79,30.5,0.0572,51.13,Moderate
2025-11-01,Obbu,0.3199,77.25,30.96,0.0444,58.86,Moderate
2025-12-01,Obbu,0.3286,65.66,28.6,0.0478,58.67,Moderate
2026-01-01,Obbu,0.1997,17.08,32.4,0.0604,35.72,Poor
2026-02-01,Obbu,0.1282,0.0,32.4,0.068,26.15,Poor
2026-03-01,Obbu,0.1859,43.07,32.09,0.064,38.51,Poor
2026-04-01,Obbu,0.2757,80.64,30.55,0.0481,55.84,Moderate
2026-05-01,Obbu,0.294,55.8,26.41,0.0412,57.81,Moderate
2019-01-01,Sagante/Jaldesa,0.03,14.99,32.28,0.0832,18.51,Very poor
2019-02-01,Sagante/Jaldesa,0.03,17.0,32.0,0.0812,19.51,Very poor
2019-03-01,Sagante/Jaldesa,0.1038,79.37,32.63,0.0756,35.82,Poor
2019-04-01,Sagante/Jaldesa,0.1036,57.28,28.35,0.071,36.57,Poor
2019-05-01,Sagante/Jaldesa,0.1385,71.69,26.71,0.0689,43.18,Moderate
2019-06-01,Sagante/Jaldesa,0.0576,23.92,28.64,0.0789,25.79,Poor
2019-07-01,Sagante/Jaldesa,0.03,18.64,29.57,0.0747,23.18,Poor
2019-08-01,Sagante/Jaldesa,0.03,18.1,27.35,0.0802,23.63,Poor
2019-09-01,Sagante/Jaldesa,0.03,23.31,28.31,0.0774,24.36,Poor
2019-10-01,Sagante/Jaldesa,0.0753,68.85,29.81,0.0773,33.95,Poor
2019-11-01,Sagante/Jaldesa,0.1569,82.97,28.49,0.062,46.46,Moderate
2019-12-01,Sagante/Jaldesa,0.1897,86.12,30.69,0.0723,45.24,Moderate
2020-01-01,Sagante/Jaldesa,0.0879,14.71,31.31,0.0788,24.26,Poor
2020-02-01,Sagante/Jaldesa,0.03,12.01,32.04,0.079,19.13,Very poor
2020-03-01,Sagante/Jaldesa,0.03,33.09,31.71,0.079,22.91,Poor
2020-04-01,Sagante/Jaldesa,0.1475,104.0,30.08,0.0518,50.3,Moderate
2020-05-01,Sagante/Jaldesa,0.1445,54.5,27.53,0.0698,39.89,Poor
2020-06-01,Sagante/Jaldesa,0.0609,25.33,26.77,0.0762,28.35,Poor
2020-07-01,Sagante/Jaldesa,0.03,21.66,29.19,0.0857,21.53,Poor
2020-08-01,Sagante/Jaldesa,0.03,28.2,27.67,0.0805,24.99,Poor
2020-09-01,Sagante/Jaldesa,0.03,23.47,28.3,0.0912,21.33,Poor
2020-10-01,Sagante/Jaldesa,0.03,18.05,32.16,0.08,19.83,Very poor
2020-11-01,Sagante/Jaldesa,0.03,21.07,29.89,0.0734,23.62,Poor
2020-12-01,Sagante/Jaldesa,0.03,27.08,34.63,0.0825,18.8,Very poor
2021-01-01,Sagante/Jaldesa,0.03,3.56,31.81,0.0833,16.97,Very poor
2021-02-01,Sagante/Jaldesa,0.03,8.62,33.32,0.0764,18.14,Very poor
2021-03-01,Sagante/Jaldesa,0.03,20.22,31.1,0.0852,19.89,Very poor
2021-04-01,Sagante/Jaldesa,0.03,18.67,32.83,0.0802,19.33,Very poor
2021-05-01,Sagante/Jaldesa,0.03,31.4,31.3,0.073,24.29,Poor
2021-06-01,Sagante/Jaldesa,0.03,7.94,29.78,0.0809,19.84,Very poor
2021-07-01,Sagante/Jaldesa,0.03,3.4,29.18,0.0727,21.38,Poor
2021-08-01,Sagante/Jaldesa,0.03,6.14,31.24,0.0786,18.89,Very poor
2021-09-01,Sagante/Jaldesa,0.03,2.28,31.8,0.0792,17.66,Very poor
2021-10-01,Sagante/Jaldesa,0.03,19.76,31.57,0.0819,20.17,Poor
2021-11-01,Sagante/Jaldesa,0.03,38.81,31.72,0.0725,25.29,Poor
2021-12-01,Sagante/Jaldesa,0.03,21.79,32.12,0.0794,20.62,Poor
2022-01-01,Sagante/Jaldesa,0.03,6.13,34.57,0.0955,12.46,Very poor
2022-02-01,Sagante/Jaldesa,0.03,3.57,32.94,0.0778,17.27,Very poor
2022-03-01,Sagante/Jaldesa,0.03,12.46,32.77,0.0972,14.58,Very poor
2022-04-01,Sagante/Jaldesa,0.03,42.02,30.42,0.0826,24.63,Poor
2022-05-01,Sagante/Jaldesa,0.03,46.68,29.7,0.0862,25.18,Poor
2022-06-01,Sagante/Jaldesa,0.03,9.69,28.1,0.0838,20.84,Poor
2022-07-01,Sagante/Jaldesa,0.03,0.86,28.54,0.0894,17.76,Very poor
2022-08-01,Sagante/Jaldesa,0.03,5.28,29.73,0.0874,17.99,Very poor
2022-09-01,Sagante/Jaldesa,0.03,8.23,29.82,0.0854,18.86,Very poor
2022-10-01,Sagante/Jaldesa,0.03,19.47,29.32,0.0675,25.11,Poor
2022-11-01,Sagante/Jaldesa,0.03,32.1,31.96,0.083,21.66,Poor
2022-12-01,Sagante/Jaldesa,0.03,38.13,32.53,0.0761,23.74,Poor
2023-01-01,Sagante/Jaldesa,0.03,5.46,33.06,0.088,15.22,Very poor
2023-02-01,Sagante/Jaldesa,0.03,5.48,34.58,0.0801,15.78,Very poor
2023-03-01,Sagante/Jaldesa,0.03,27.35,31.91,0.0942,18.42,Very poor
2023-04-01,Sagante/Jaldesa,0.0549,53.3,30.77,0.0742,29.84,Poor
2023-05-01,Sagante/Jaldesa,0.0794,54.14,28.75,0.0698,34.29,Poor
2023-06-01,Sagante/Jaldesa,0.03,21.5,28.78,0.0854,21.9,Poor
2023-07-01,Sagante/Jaldesa,0.03,19.62,25.7,0.0811,25.0,Poor
2023-08-01,Sagante/Jaldesa,0.03,17.03,27.33,0.0775,24.07,Poor
2023-09-01,Sagante/Jaldesa,0.03,10.24,30.12,0.0863,18.76,Very poor
2023-10-01,Sagante/Jaldesa,0.1597,128.56,30.4,0.0567,53.91,Moderate
2023-11-01,Sagante/Jaldesa,0.2608,195.15,29.64,0.0566,65.18,Good
2023-12-01,Sagante/Jaldesa,0.2786,94.04,30.92,0.0527,56.95,Moderate
2024-01-01,Sagante/Jaldesa,0.1118,18.19,33.05,0.0748,26.02,Poor
2024-02-01,Sagante/Jaldesa,0.03,11.96,31.14,0.0909,17.21,Very poor
2024-03-01,Sagante/Jaldesa,0.1329,89.31,34.44,0.0771,37.71,Poor
2024-04-01,Sagante/Jaldesa,0.1145,61.2,29.88,0.0803,34.7,Poor
2024-05-01,Sagante/Jaldesa,0.101,36.51,29.95,0.0741,30.94,Poor
2024-06-01,Sagante/Jaldesa,0.03,20.2,28.55,0.0777,23.57,Poor
2024-07-01,Sagante/Jaldesa,0.03,14.39,26.25,0.0874,22.29,Poor
2024-08-01,Sagante/Jaldesa,0.03,23.6,27.39,0.0858,23.28,Poor
2024-09-01,Sagante/Jaldesa,0.03,10.23,30.78,0.082,19.18,Very poor
2024-10-01,Sagante/Jaldesa,0.0481,47.64,28.59,0.085,27.77,Poor
2024-11-01,Sagante/Jaldesa,0.1417,82.69,29.76,0.0776,40.87,Moderate
2024-12-01,Sagante/Jaldesa,0.1849,84.46,31.42,0.0685,44.89,Moderate
2025-01-01,Sagante/Jaldesa,0.0485,13.9,31.7,0.0807,20.64,Poor
2025-02-01,Sagante/Jaldesa,0.03,12.47,34.1,0.0802,17.29,Very poor
2025-03-01,Sagante/Jaldesa,0.0902,69.7,31.36,0.0767,34.02,Poor
2025-04-01,Sagante/Jaldesa,0.0941,55.81,28.44,0.0749,34.71,Poor
2025-05-01,Sagante/Jaldesa,0.1051,49.53,27.7,0.0643,37.39,Poor
2025-06-01,Sagante/Jaldesa,0.03,18.71,28.42,0.0861,21.58,Poor
2025-07-01,Sagante/Jaldesa,0.03,14.59,26.13,0.0895,21.97,Poor
2025-08-01,Sagante/Jaldesa,0.03,22.87,28.8,0.0776,23.85,Poor
2025-09-01,Sagante/Jaldesa,0.03,24.8,28.42,0.082,23.49,Poor
2025-10-01,Sagante/Jaldesa,0.03,30.25,30.51,0.0814,22.88,Poor
2025-11-01,Sagante/Jaldesa,0.1358,86.09,28.37,0.081,41.39,Moderate
2025-12-01,Sagante/Jaldesa,0.1113,51.45,30.54,0.0776,32.92,Poor
2026-01-01,Sagante/Jaldesa,0.03,18.14,32.88,0.08,19.26,Very poor
2026-02-01,Sagante/Jaldesa,0.03,14.77,31.96,0.0784,19.78,Very poor
2026-03-01,Sagante/Jaldesa,0.0831,62.06,31.77,0.0774,31.76,Poor
2026-04-01,Sagante/Jaldesa,0.0943,62.38,27.61,0.0718,37.18,Poor
2026-05-01,Sagante/Jaldesa,0.1066,52.18,29.32,0.0734,34.62,Poor
2019-01-01,Sololo,0.03,19.14,32.59,0.0758,20.59,Poor
2019-02-01,Sololo,0.03,12.99,31.8,0.0769,19.95,Very poor
2019-03-01,Sololo,0.1472,62.8,31.54,0.065,39.3,Poor
2019-04-01,Sololo,0.2038,63.73,29.38,0.0616,45.92,Moderate
2019-05-01,Sololo,0.1744,51.58,29.93,0.0781,37.73,Poor
2019-06-01,Sololo,0.1718,34.3,26.77,0.0686,39.29,Poor
2019-07-01,Sololo,0.0892,14.78,25.78,0.068,31.18,Poor
2019-08-01,Sololo,0.0872,23.12,24.72,0.077,31.29,Poor
2019-09-01,Sololo,0.064,12.09,30.18,0.0719,24.6,Poor
2019-10-01,Sololo,0.1654,72.26,29.64,0.0576,45.34,Moderate
2019-11-01,Sololo,0.1931,61.8,30.37,0.0657,43.14,Moderate
2019-12-01,Sololo,0.2668,91.88,31.64,0.0565,54.34,Moderate
2020-01-01,Sololo,0.1696,14.42,31.36,0.0591,34.28,Poor
2020-02-01,Sololo,0.0969,18.8,31.36,0.0802,25.24,Poor
2020-03-01,Sololo,0.1343,42.1,29.65,0.0696,35.45,Poor
2020-04-01,Sololo,0.2574,100.04,30.39,0.0685,53.38,Moderate
2020-05-01,Sololo,0.2009,34.6,28.27,0.0683,40.26,Moderate
2020-06-01,Sololo,0.1123,19.29,29.07,0.0752,29.33,Poor
2020-07-01,Sololo,0.0949,22.63,29.6,0.0705,29.29,Poor
2020-08-01,Sololo,0.0779,17.91,29.35,0.08,25.39,Poor
2020-09-01,Sololo,0.0825,22.7,28.72,0.074,28.35,Poor
2020-10-01,Sololo,0.1398,47.96,32.31,0.0654,35.62,Poor
2020-11-01,Sololo,0.1043,22.58,29.61,0.075,28.93,Poor
2020-12-01,Sololo,0.0778,20.86,31.03,0.0754,25.56,Poor
2021-01-01,Sololo,0.0583,12.14,31.91,0.0828,20.39,Poor
2021-02-01,Sololo,0.0525,5.21,33.51,0.0839,17.31,Very poor
2021-03-01,Sololo,0.0522,22.58,30.42,0.0737,24.93,Poor
2021-04-01,Sololo,0.0828,29.6,32.09,0.0557,30.91,Poor
2021-05-01,Sololo,0.1053,42.66,31.84,0.0585,34.23,Poor
2021-06-01,Sololo,0.0583,8.33,30.67,0.075,22.5,Poor
2021-07-01,Sololo,0.0522,4.78,29.76,0.0718,22.9,Poor
2021-08-01,Sololo,0.03,11.89,30.06,0.0892,18.43,Very poor
2021-09-01,Sololo,0.03,10.26,30.36,0.0773,20.56,Poor
2021-10-01,Sololo,0.0671,25.41,32.45,0.0751,24.5,Poor
2021-11-01,Sololo,0.1162,37.53,28.88,0.0796,31.82,Poor
2021-12-01,Sololo,0.1069,34.5,33.16,0.0643,30.63,Poor
2022-01-01,Sololo,0.0774,10.78,33.13,0.0751,22.23,Poor
2022-02-01,Sololo,0.0653,3.76,32.97,0.0685,21.82,Poor
2022-03-01,Sololo,0.062,24.82,32.38,0.0803,22.96,Poor
2022-04-01,Sololo,0.0643,26.44,31.78,0.0906,21.57,Poor
2022-05-01,Sololo,0.0746,24.51,31.71,0.0779,24.86,Poor
2022-06-01,Sololo,0.0568,12.44,29.28,0.0705,25.17,Poor
2022-07-01,Sololo,0.0308,12.36,28.38,0.0818,21.55,Poor
2022-08-01,Sololo,0.0338,3.63,28.08,0.0767,21.68,Poor
2022-09-01,Sololo,0.03,11.79,29.15,0.0818,20.79,Poor
2022-10-01,Sololo,0.0381,15.91,34.28,0.0834,17.59,Very poor
2022-11-01,Sololo,0.1183,48.17,30.87,0.0658,35.22,Poor
2022-12-01,Sololo,0.1221,34.31,32.23,0.0674,31.72,Poor
2023-01-01,Sololo,0.0708,7.32,31.99,0.0802,20.98,Poor
2023-02-01,Sololo,0.0501,8.31,32.17,0.0808,19.43,Very poor
2023-03-01,Sololo,0.0641,28.56,33.23,0.0751,24.19,Poor
2023-04-01,Sololo,0.2567,103.79,30.06,0.0463,59.17,Moderate
2023-05-01,Sololo,0.3135,100.94,27.92,0.0479,64.01,Good
2023-06-01,Sololo,0.1904,29.58,27.29,0.0628,40.71,Moderate
2023-07-01,Sololo,0.1333,25.41,26.29,0.0654,36.23,Poor
2023-08-01,Sololo,0.0754,6.19,30.36,0.0799,22.49,Poor
2023-09-01,Sololo,0.03,12.39,30.53,0.092,17.53,Very poor
2023-10-01,Sololo,0.2058,91.24,29.17,0.0722,48.45,Moderate
2023-11-01,Sololo,0.2449,75.41,27.48,0.0506,54.69,Moderate
2023-12-01,Sololo,0.3405,160.1,29.64,0.046,73.11,Good
2024-01-01,Sololo,0.1753,11.71,33.32,0.0611,32.21,Poor
2024-02-01,Sololo,0.1053,14.05,32.77,0.0754,24.95,Poor
2024-03-01,Sololo,0.1537,50.21,32.67,0.084,32.54,Poor
2024-04-01,Sololo,0.2193,78.45,29.88,0.0587,49.7,Moderate
2024-05-01,Sololo,0.3368,107.29,28.23,0.0537,65.17,Good
2024-06-01,Sololo,0.215,30.91,28.68,0.0709,39.72,Poor
2024-07-01,Sololo,0.1127,15.05,25.54,0.0677,33.16,Poor
2024-08-01,Sololo,0.0886,15.49,30.51,0.0757,25.78,Poor
2024-09-01,Sololo,0.0889,23.52,29.12,0.0671,30.15,Poor
2024-10-01,Sololo,0.1572,63.67,29.36,0.0522,44.75,Moderate
2024-11-01,Sololo,0.2605,95.27,30.96,0.0477,56.96,Moderate
2024-12-01,Sololo,0.2471,51.35,31.49,0.0547,46.73,Moderate
2025-01-01,Sololo,0.1438,18.41,32.58,0.0667,30.46,Poor
2025-02-01,Sololo,0.0969,8.6,33.63,0.0674,24.57,Poor
2025-03-01,Sololo,0.1301,48.55,32.33,0.0621,35.76,Poor
2025-04-01,Sololo,0.2662,99.33,29.68,0.0629,55.69,Moderate
2025-05-01,Sololo,0.2297,53.96,29.33,0.0675,44.82,Moderate
2025-06-01,Sololo,0.1492,25.65,29.24,0.0693,34.15,Poor
2025-07-01,Sololo,0.0974,17.81,24.58,0.0684,33.14,Poor
2025-08-01,Sololo,0.0639,15.15,27.12,0.071,27.74,Poor
2025-09-01,Sololo,0.0525,14.53,27.85,0.0746,25.46,Poor
2025-10-01,Sololo,0.1171,50.49,29.57,0.0729,34.99,Poor
2025-11-01,Sololo,0.2162,86.11,28.24,0.0611,51.53,Moderate
2025-12-01,Sololo,0.2708,81.47,27.95,0.0598,55.11,Moderate
2026-01-01,Sololo,0.1228,11.79,32.89,0.0615,28.81,Poor
2026-02-01,Sololo,0.1056,15.07,30.77,0.0745,26.94,Poor
2026-03-01,Sololo,0.1561,65.01,32.25,0.0662,39.48,Poor
2026-04-01,Sololo,0.2208,64.13,30.79,0.0599,46.43,Moderate
2026-05-01,Sololo,0.1876,54.25,28.97,0.0771,40.09,Moderate
2019-01-01,Turbi,0.1217,11.94,30.66,0.0682,29.06,Poor
2019-02-01,Turbi,0.1939,23.26,31.95,0.0585,37.11,Poor
2019-03-01,Turbi,0.2557,45.65,31.95,0.0645,43.84,Moderate
2019-04-01,Turbi,0.4137,92.31,30.93,0.0426,68.34,Good
2019-05-01,Turbi,0.4343,83.7,29.37,0.0391,70.39,Good
2019-06-01,Turbi,0.3338,21.45,25.44,0.0474,54.28,Moderate
2019-07-01,Turbi,0.2685,15.08,27.48,0.0535,45.67,Moderate
2019-08-01,Turbi,0.2264,20.54,27.92,0.0624,41.28,Moderate
2019-09-01,Turbi,0.2212,27.34,28.79,0.0659,40.59,Moderate
2019-10-01,Turbi,0.342,60.56,28.55,0.05,58.3,Moderate
2019-11-01,Turbi,0.3761,71.37,27.98,0.0594,60.87,Good
2019-12-01,Turbi,0.4411,88.29,30.06,0.0328,72.47,Good
2020-01-01,Turbi,0.3262,20.67,33.29,0.0529,46.12,Moderate
2020-02-01,Turbi,0.2448,14.07,34.37,0.0641,35.96,Poor
2020-03-01,Turbi,0.3212,49.04,31.09,0.0428,54.5,Moderate
2020-04-01,Turbi,0.3398,64.02,29.84,0.0405,59.81,Moderate
2020-05-01,Turbi,0.4058,79.26,28.94,0.0379,68.27,Good
2020-06-01,Turbi,0.3022,8.87,27.21,0.0475,48.54,Moderate
2020-07-01,Turbi,0.2381,15.46,27.96,0.0648,40.7,Moderate
2020-08-01,Turbi,0.2071,10.56,27.48,0.0678,37.42,Poor
2020-09-01,Turbi,0.2025,13.57,28.72,0.066,37.02,Poor
2020-10-01,Turbi,0.2394,29.98,31.68,0.064,40.4,Moderate
2020-11-01,Turbi,0.2897,41.96,31.78,0.0526,48.39,Moderate
2020-12-01,Turbi,0.3094,36.2,30.74,0.0514,49.9,Moderate
2021-01-01,Turbi,0.2238,8.36,31.77,0.0539,37.9,Poor
2021-02-01,Turbi,0.189,9.31,32.56,0.0563,34.45,Poor
2021-03-01,Turbi,0.2284,26.55,33.73,0.0555,39.32,Poor
2021-04-01,Turbi,0.23,22.04,30.69,0.0598,40.15,Moderate
2021-05-01,Turbi,0.2527,30.27,29.11,0.0588,44.6,Moderate
2021-06-01,Turbi,0.2035,6.7,27.19,0.0622,38.02,Poor
2021-07-01,Turbi,0.1636,6.71,28.93,0.0703,32.02,Poor
2021-08-01,Turbi,0.1911,11.53,28.92,0.0656,35.81,Poor
2021-09-01,Turbi,0.1942,4.83,30.24,0.0592,35.27,Poor
2021-10-01,Turbi,0.1608,2.61,29.63,0.0648,31.82,Poor
2021-11-01,Turbi,0.2337,43.79,29.72,0.0672,43.16,Moderate
2021-12-01,Turbi,0.2529,22.5,32.3,0.0605,40.39,Moderate
2022-01-01,Turbi,0.2162,7.19,35.41,0.0669,31.37,Poor
2022-02-01,Turbi,0.2048,8.91,32.24,0.0545,36.13,Poor
2022-03-01,Turbi,0.199,22.11,30.54,0.0622,37.59,Poor
2022-04-01,Turbi,0.258,42.7,30.69,0.0505,47.63,Moderate
2022-05-01,Turbi,0.2664,40.57,28.91,0.0587,47.45,Moderate
2022-06-01,Turbi,0.2372,7.18,29.22,0.0592,39.48,Poor
2022-07-01,Turbi,0.1928,5.42,29.13,0.0662,34.61,Poor
2022-08-01,Turbi,0.2004,7.92,29.08,0.0635,36.2,Poor
2022-09-01,Turbi,0.1846,7.08,29.11,0.0534,37.18,Poor
2022-10-01,Turbi,0.2391,35.63,31.94,0.0578,42.51,Moderate
2022-11-01,Turbi,0.2256,24.85,30.49,0.0638,39.59,Poor
2022-12-01,Turbi,0.2912,44.19,33.47,0.0487,48.37,Moderate
2023-01-01,Turbi,0.2277,2.64,32.2,0.0636,34.7,Poor
2023-02-01,Turbi,0.1999,9.19,33.76,0.0614,33.08,Poor
2023-03-01,Turbi,0.1974,11.08,32.47,0.0606,34.45,Poor
2023-04-01,Turbi,0.3042,74.98,29.88,0.0565,55.56,Moderate
2023-05-01,Turbi,0.3717,68.75,28.87,0.0499,61.51,Good
2023-06-01,Turbi,0.2755,17.4,28.44,0.0434,48.01,Moderate
2023-07-01,Turbi,0.2268,1.17,28.62,0.0598,38.11,Poor
2023-08-01,Turbi,0.2287,15.86,26.07,0.0565,43.46,Moderate
2023-09-01,Turbi,0.2279,22.62,31.6,0.0604,39.25,Poor
2023-10-01,Turbi,0.4337,131.7,27.43,0.0381,80.12,Very good
2023-11-01,Turbi,0.5243,119.77,28.7,0.023,85.12,Very good
2023-12-01,Turbi,0.5466,108.52,27.65,0.0232,84.03,Very good
2024-01-01,Turbi,0.3492,15.57,32.22,0.0494,48.5,Moderate
2024-02-01,Turbi,0.2858,17.8,30.34,0.0393,48.19,Moderate
2024-03-01,Turbi,0.3053,43.11,30.53,0.0467,51.99,Moderate
2024-04-01,Turbi,0.3668,85.98,29.81,0.047,63.93,Good
2024-05-01,Turbi,0.4242,71.57,28.01,0.0352,69.62,Good
2024-06-01,Turbi,0.3473,38.66,30.23,0.0564,52.26,Moderate
2024-07-01,Turbi,0.2708,12.15,29.11,0.0609,42.38,Moderate
2024-08-01,Turbi,0.2339,14.55,29.55,0.0667,38.56,Poor
2024-09-01,Turbi,0.2353,24.09,29.41,0.0485,44.4,Moderate
2024-10-01,Turbi,0.3003,56.17,31.68,0.0483,52.51,Moderate
2024-11-01,Turbi,0.3899,86.55,27.64,0.0549,65.63,Good
2024-12-01,Turbi,0.3503,40.91,31.06,0.0577,51.89,Moderate
2025-01-01,Turbi,0.2671,18.76,32.16,0.0542,42.27,Moderate
2025-02-01,Turbi,0.1997,5.11,33.03,0.0593,33.46,Poor
2025-03-01,Turbi,0.2793,45.16,32.4,0.0576,46.59,Moderate
2025-04-01,Turbi,0.3861,89.65,29.91,0.0321,69.14,Good
2025-05-01,Turbi,0.4366,87.11,29.08,0.0374,71.72,Good
2025-06-01,Turbi,0.3201,21.04,28.03,0.0465,51.37,Moderate
2025-07-01,Turbi,0.2475,8.62,26.49,0.0487,44.96,Moderate
2025-08-01,Turbi,0.2252,9.75,26.3,0.0594,41.37,Moderate
2025-09-01,Turbi,0.2257,11.45,30.51,0.0692,36.15,Poor
2025-10-01,Turbi,0.2876,56.02,28.47,0.054,52.91,Moderate
2025-11-01,Turbi,0.3202,51.65,27.86,0.0456,56.83,Moderate
2025-12-01,Turbi,0.3868,76.52,30.18,0.0467,63.52,Good
2026-01-01,Turbi,0.2799,11.67,33.74,0.0488,41.92,Moderate
2026-02-01,Turbi,0.2322,21.11,32.78,0.0596,38.53,Poor
2026-03-01,Turbi,0.2788,48.66,32.35,0.0511,48.62,Moderate
2026-04-01,Turbi,0.3971,91.88,29.63,0.0397,68.81,Good
2026-05-01,Turbi,0.4061,61.25,29.35,0.0341,65.8,Good
2019-01-01,Uran,0.03,14.54,33.7,0.0745,19.23,Very poor
2019-02-01,Uran,0.0441,14.87,31.94,0.0756,21.43,Poor
2019-03-01,Uran,0.1446,63.06,30.45,0.0661,39.8,Poor
2019-04-01,Uran,0.2491,93.83,29.61,0.0404,58.62,Moderate
2019-05-01,Uran,0.2285,63.05,28.05,0.0629,48.32,Moderate
2019-06-01,Uran,0.1282,15.65,28.87,0.0699,31.18,Poor
2019-07-01,Uran,0.074,5.84,27.52,0.0697,26.86,Poor
2019-08-01,Uran,0.0355,14.48,27.35,0.0907,21.08,Poor
2019-09-01,Uran,0.072,19.6,29.53,0.0772,25.75,Poor
2019-10-01,Uran,0.116,51.3,30.4,0.0697,35.09,Poor
2019-11-01,Uran,0.208,75.2,29.77,0.0547,49.35,Moderate
2019-12-01,Uran,0.1435,31.64,32.35,0.0692,32.27,Poor
2020-01-01,Uran,0.0854,15.43,32.74,0.0768,23.5,Poor
2020-02-01,Uran,0.0528,10.26,32.65,0.0755,20.74,Poor
2020-03-01,Uran,0.1356,58.65,31.56,0.0614,38.6,Poor
2020-04-01,Uran,0.2484,91.02,28.72,0.0551,55.56,Moderate
2020-05-01,Uran,0.1576,23.46,28.29,0.0556,38.18,Poor
2020-06-01,Uran,0.1012,22.04,27.72,0.0771,29.68,Poor
2020-07-01,Uran,0.0619,16.85,26.96,0.075,27.12,Poor
2020-08-01,Uran,0.0758,19.26,26.99,0.0835,26.6,Poor
2020-09-01,Uran,0.0508,16.68,28.76,0.0926,20.97,Poor
2020-10-01,Uran,0.0576,19.05,29.86,0.0798,23.82,Poor
2020-11-01,Uran,0.0735,31.75,32.72,0.0859,23.38,Poor
2020-12-01,Uran,0.0926,21.27,31.67,0.0731,26.66,Poor
2021-01-01,Uran,0.03,5.21,32.96,0.0768,17.77,Very poor
2021-02-01,Uran,0.03,11.57,32.37,0.0792,18.75,Very poor
2021-03-01,Uran,0.0528,27.7,30.94,0.0961,20.43,Poor
2021-04-01,Uran,0.1081,42.87,31.77,0.0677,32.47,Poor
2021-05-01,Uran,0.0908,24.51,31.76,0.0831,24.79,Poor
2021-06-01,Uran,0.0607,15.44,29.69,0.0867,22.03,Poor
2021-07-01,Uran,0.0409,8.25,28.75,0.0737,23.07,Poor
2021-08-01,Uran,0.03,0.0,31.13,0.0858,16.35,Very poor
2021-09-01,Uran,0.03,4.21,29.86,0.0843,18.42,Very poor
2021-10-01,Uran,0.0359,25.21,31.77,0.0736,23.17,Poor
2021-11-01,Uran,0.0857,31.35,31.31,0.0845,25.61,Poor
2021-12-01,Uran,0.1231,45.25,30.73,0.0771,32.67,Poor
2022-01-01,Uran,0.0673,7.76,34.19,0.0677,21.83,Poor
2022-02-01,Uran,0.0345,1.25,33.34,0.0815,16.05,Very poor
2022-03-01,Uran,0.0435,24.19,33.78,0.0708,22.54,Poor
2022-04-01,Uran,0.0945,43.32,30.77,0.0745,30.88,Poor
2022-05-01,Uran,0.0662,15.04,30.39,0.0757,24.24,Poor
2022-06-01,Uran,0.0313,12.78,30.17,0.0838,19.79,Very poor
2022-07-01,Uran,0.0405,6.24,30.8,0.0679,22.37,Poor
2022-08-01,Uran,0.03,14.01,29.59,0.0715,23.08,Poor
2022-09-01,Uran,0.03,10.76,30.5,0.0786,20.25,Poor
2022-10-01,Uran,0.0945,36.96,28.64,0.0765,31.09,Poor
2022-11-01,Uran,0.1119,47.17,30.92,0.0743,32.66,Poor
2022-12-01,Uran,0.1062,26.23,30.94,0.0751,28.58,Poor
2023-01-01,Uran,0.03,2.47,35.94,0.0886,12.29,Very poor
2023-02-01,Uran,0.0312,10.3,35.22,0.076,17.07,Very poor
2023-03-01,Uran,0.03,21.95,33.98,0.0774,19.61,Very poor
2023-04-01,Uran,0.1336,46.79,28.81,0.059,39.2,Poor
2023-05-01,Uran,0.1803,60.01,28.22,0.0685,43.06,Moderate
2023-06-01,Uran,0.0697,10.82,26.58,0.0836,25.06,Poor
2023-07-01,Uran,0.05,15.49,26.97,0.069,27.38,Poor
2023-08-01,Uran,0.0628,16.77,27.07,0.0858,24.68,Poor
2023-09-01,Uran,0.0518,19.81,30.74,0.0859,21.48,Poor
2023-10-01,Uran,0.2501,121.76,30.89,0.0575,58.52,Moderate
2023-11-01,Uran,0.3299,187.87,30.7,0.0432,72.16,Good
2023-12-01,Uran,0.3514,94.53,30.57,0.0405,65.12,Good
2024-01-01,Uran,0.1689,15.02,32.13,0.0657,32.25,Poor
2024-02-01,Uran,0.1025,15.14,30.39,0.0797,25.91,Poor
2024-03-01,Uran,0.1484,60.27,31.6,0.0751,36.69,Poor
2024-04-01,Uran,0.2229,78.13,29.32,0.0563,50.87,Moderate
2024-05-01,Uran,0.1451,29.17,28.84,0.0658,35.54,Poor
2024-06-01,Uran,0.0936,20.41,28.76,0.0812,27.13,Poor
2024-07-01,Uran,0.0472,13.68,27.37,0.0799,24.16,Poor
2024-08-01,Uran,0.0487,6.8,27.29,0.0796,23.25,Poor
2024-09-01,Uran,0.0303,13.95,29.34,0.0812,21.14,Poor
2024-10-01,Uran,0.125,58.25,30.86,0.0672,37.07,Poor
2024-11-01,Uran,0.1697,52.43,30.89,0.0798,36.41,Poor
2024-12-01,Uran,0.2303,75.37,29.52,0.054,51.28,Moderate
2025-01-01,Uran,0.1194,11.97,30.89,0.0678,28.8,Poor
2025-02-01,Uran,0.0902,17.05,34.4,0.0734,23.54,Poor
2025-03-01,Uran,0.1289,48.08,30.45,0.0739,34.47,Poor
2025-04-01,Uran,0.2059,80.88,30.36,0.062,48.05,Moderate
2025-05-01,Uran,0.2731,85.75,28.55,0.0518,57.28,Moderate
2025-06-01,Uran,0.1507,21.37,29.4,0.0757,31.99,Poor
2025-07-01,Uran,0.1167,22.27,28.81,0.0761,30.15,Poor
2025-08-01,Uran,0.0899,21.17,27.67,0.0746,29.33,Poor
2025-09-01,Uran,0.0528,19.22,28.63,0.0779,24.91,Poor
2025-10-01,Uran,0.1041,45.76,28.29,0.0705,34.83,Poor
2025-11-01,Uran,0.296,127.27,29.11,0.06,63.54,Good
2025-12-01,Uran,0.2186,43.39,30.21,0.068,41.48,Moderate
2026-01-01,Uran,0.0909,6.97,29.95,0.0771,24.66,Poor
2026-02-01,Uran,0.1042,27.36,32.25,0.0676,29.25,Poor
2026-03-01,Uran,0.1052,38.8,31.35,0.0814,28.88,Poor
2026-04-01,Uran,0.1938,75.97,28.24,0.0627,47.92,Moderate
2026-05-01,Uran,0.2579,87.47,27.33,0.0606,55.53,Moderate
2019-01-01,Angata Nayokie,0.1515,23.49,31.19,0.0666,32.99,Poor
2019-02-01,Angata Nayokie,0.2015,22.89,33.39,0.0549,37.22,Poor
2019-03-01,Angata Nayokie,0.3295,92.73,29.17,0.049,62.51,Good
2019-04-01,Angata Nayokie,0.4349,118.83,26.32,0.0358,79.45,Good
2019-05-01,Angata Nayokie,0.458,112.8,26.73,0.037,79.47,Good
2019-06-01,Angata Nayokie,0.3505,23.99,28.18,0.0478,53.6,Moderate
2019-07-01,Angata Nayokie,0.3284,27.22,26.98,0.0511,52.81,Moderate
2019-08-01,Angata Nayokie,0.2919,22.17,26.79,0.0533,49.07,Moderate
2019-09-01,Angata Nayokie,0.2364,12.01,29.83,0.0625,39.01,Poor
2019-10-01,Angata Nayokie,0.313,73.59,28.74,0.0448,59.44,Moderate
2019-11-01,Angata Nayokie,0.4559,124.96,27.99,0.0218,83.72,Very good
2019-12-01,Angata Nayokie,0.3974,72.91,29.44,0.0394,65.88,Good
2020-01-01,Angata Nayokie,0.3008,15.75,31.95,0.0476,45.76,Moderate
2020-02-01,Angata Nayokie,0.2717,23.29,29.37,0.0494,46.64,Moderate
2020-03-01,Angata Nayokie,0.3732,97.81,30.53,0.0424,66.8,Good
2020-04-01,Angata Nayokie,0.4527,114.31,27.68,0.0237,81.55,Very good
2020-05-01,Angata Nayokie,0.4104,62.44,26.89,0.035,68.06,Good
2020-06-01,Angata Nayokie,0.3181,13.92,27.56,0.0515,49.32,Moderate
2020-07-01,Angata Nayokie,0.2619,24.39,26.15,0.0618,45.96,Moderate
2020-08-01,Angata Nayokie,0.2651,29.35,25.51,0.0522,49.67,Moderate
2020-09-01,Angata Nayokie,0.2503,26.14,28.3,0.056,45.02,Moderate
2020-10-01,Angata Nayokie,0.3063,45.39,31.24,0.06,48.91,Moderate
2020-11-01,Angata Nayokie,0.3342,66.22,28.03,0.0382,61.74,Good
2020-12-01,Angata Nayokie,0.3295,37.79,32.57,0.0343,53.91,Moderate
2021-01-01,Angata Nayokie,0.2551,12.97,30.66,0.0541,41.7,Moderate
2021-02-01,Angata Nayokie,0.2223,2.75,33.72,0.0643,32.98,Poor
2021-03-01,Angata Nayokie,0.2442,22.94,33.69,0.0661,37.49,Poor
2021-04-01,Angata Nayokie,0.2683,30.21,29.96,0.0564,45.53,Moderate
2021-05-01,Angata Nayokie,0.3196,56.37,30.62,0.0586,52.47,Moderate
2021-06-01,Angata Nayokie,0.2518,11.25,27.81,0.0616,41.79,Moderate
2021-07-01,Angata Nayokie,0.2205,6.88,28.16,0.0584,39.29,Poor
2021-08-01,Angata Nayokie,0.1985,0.0,28.39,0.0763,32.44,Poor
2021-09-01,Angata Nayokie,0.208,14.44,30.88,0.0627,36.55,Poor
2021-10-01,Angata Nayokie,0.2401,28.42,29.22,0.0602,43.0,Moderate
2021-11-01,Angata Nayokie,0.3025,58.39,28.86,0.0454,55.96,Moderate
2021-12-01,Angata Nayokie,0.2986,38.46,33.19,0.0404,50.01,Moderate
2022-01-01,Angata Nayokie,0.2622,13.0,32.26,0.0674,37.97,Poor
2022-02-01,Angata Nayokie,0.2063,5.61,31.25,0.0655,34.04,Poor
2022-03-01,Angata Nayokie,0.2548,33.08,31.91,0.0574,43.29,Moderate
2022-04-01,Angata Nayokie,0.2954,37.32,30.48,0.0569,48.1,Moderate
2022-05-01,Angata Nayokie,0.259,27.7,28.52,0.0541,46.12,Moderate
2022-06-01,Angata Nayokie,0.2287,12.35,28.92,0.0576,40.36,Moderate
2022-07-01,Angata Nayokie,0.2042,5.87,25.54,0.0705,37.39,Poor
2022-08-01,Angata Nayokie,0.1975,11.83,28.14,0.0685,36.29,Poor
2022-09-01,Angata Nayokie,0.2029,16.03,29.4,0.0599,38.26,Poor
2022-10-01,Angata Nayokie,0.2276,23.7,29.02,0.0576,42.09,Moderate
2022-11-01,Angata Nayokie,0.2963,54.39,28.74,0.058,52.15,Moderate
2022-12-01,Angata Nayokie,0.2633,33.98,29.99,0.0554,46.02,Moderate
2023-01-01,Angata Nayokie,0.252,10.67,32.12,0.0529,40.18,Moderate
2023-02-01,Angata Nayokie,0.2036,3.98,32.82,0.0662,32.17,Poor
2023-03-01,Angata Nayokie,0.2653,41.25,32.51,0.0524,46.01,Moderate
2023-04-01,Angata Nayokie,0.3862,112.22,28.67,0.0447,71.1,Good
2023-05-01,Angata Nayokie,0.3833,64.2,28.99,0.0324,65.37,Good
2023-06-01,Angata Nayokie,0.326,32.63,26.63,0.0571,52.49,Moderate
2023-07-01,Angata Nayokie,0.2851,28.37,26.16,0.0588,48.92,Moderate
2023-08-01,Angata Nayokie,0.2609,18.67,27.14,0.0438,48.15,Moderate
2023-09-01,Angata Nayokie,0.2705,45.3,28.81,0.0576,48.87,Moderate
2023-10-01,Angata Nayokie,0.5007,222.96,26.65,0.0561,84.43,Very good
2023-11-01,Angata Nayokie,0.5592,221.96,26.81,0.0297,90.18,Very good
2023-12-01,Angata Nayokie,0.58,184.84,26.25,0.0289,90.81,Very good
2024-01-01,Angata Nayokie,0.4113,32.47,30.9,0.0473,57.19,Moderate
2024-02-01,Angata Nayokie,0.3014,14.12,29.89,0.0489,46.89,Moderate
2024-03-01,Angata Nayokie,0.3524,68.62,28.53,0.049,60.61,Good
2024-04-01,Angata Nayokie,0.5043,145.91,30.4,0.036,85.23,Very good
2024-05-01,Angata Nayokie,0.4815,101.38,27.78,0.0301,79.92,Good
2024-06-01,Angata Nayokie,0.3814,33.51,27.66,0.056,55.93,Moderate
2024-07-01,Angata Nayokie,0.3162,11.63,25.15,0.057,49.52,Moderate
2024-08-01,Angata Nayokie,0.2444,12.04,27.19,0.0536,43.68,Moderate
2024-09-01,Angata Nayokie,0.2574,20.78,27.39,0.0571,45.1,Moderate
2024-10-01,Angata Nayokie,0.3729,86.89,30.15,0.0392,65.98,Good
2024-11-01,Angata Nayokie,0.3791,61.17,28.75,0.0381,63.48,Good
2024-12-01,Angata Nayokie,0.4378,111.6,29.81,0.0404,74.65,Good
2025-01-01,Angata Nayokie,0.3038,13.67,30.71,0.0524,45.55,Moderate
2025-02-01,Angata Nayokie,0.2638,25.81,33.21,0.0498,43.36,Moderate
2025-03-01,Angata Nayokie,0.3775,94.11,29.09,0.0462,66.79,Good
2025-04-01,Angata Nayokie,0.3719,65.89,29.98,0.0474,60.71,Good
2025-05-01,Angata Nayokie,0.4172,91.67,28.57,0.0414,70.65,Good
2025-06-01,Angata Nayokie,0.3092,19.8,27.98,0.0557,48.41,Moderate
2025-07-01,Angata Nayokie,0.2591,24.37,27.29,0.0532,46.77,Moderate
2025-08-01,Angata Nayokie,0.2489,19.45,25.41,0.0461,48.32,Moderate
2025-09-01,Angata Nayokie,0.2548,38.64,26.49,0.0623,47.46,Moderate
2025-10-01,Angata Nayokie,0.2998,50.98,29.42,0.0594,50.97,Moderate
2025-11-01,Angata Nayokie,0.4652,139.44,26.92,0.0323,85.31,Very good
2025-12-01,Angata Nayokie,0.4811,107.03,30.7,0.0305,78.41,Good
2026-01-01,Angata Nayokie,0.3263,15.77,29.41,0.0355,52.28,Moderate
2026-02-01,Angata Nayokie,0.2923,23.2,31.09,0.043,48.11,Moderate
2026-03-01,Angata Nayokie,0.4104,119.75,30.39,0.038,74.16,Good
2026-04-01,Angata Nayokie,0.4394,94.42,28.06,0.041,73.15,Good
2026-05-01,Angata Nayokie,0.4018,73.39,27.01,0.0382,68.5,Good
2019-01-01,Baawa,0.1187,9.36,30.59,0.0759,26.76,Poor
2019-02-01,Baawa,0.2147,21.46,31.35,0.07,36.2,Poor
2019-03-01,Baawa,0.252,44.69,32.14,0.0494,46.62,Moderate
2019-04-01,Baawa,0.4193,116.09,27.5,0.0426,75.46,Good
2019-05-01,Baawa,0.4153,76.41,28.44,0.0313,70.32,Good
2019-06-01,Baawa,0.3157,23.43,24.23,0.0559,52.42,Moderate
2019-07-01,Baawa,0.3101,25.47,25.51,0.0449,53.8,Moderate
2019-08-01,Baawa,0.2734,23.34,28.57,0.0512,47.03,Moderate
2019-09-01,Baawa,0.279,33.08,27.51,0.0592,48.11,Moderate
2019-10-01,Baawa,0.3549,67.93,30.69,0.0485,59.05,Moderate
2019-11-01,Baawa,0.4392,111.88,28.89,0.0298,77.88,Good
2019-12-01,Baawa,0.4734,105.44,30.51,0.0304,77.77,Good
2020-01-01,Baawa,0.3577,16.85,30.16,0.0534,50.08,Moderate
2020-02-01,Baawa,0.3139,22.09,31.81,0.0497,47.37,Moderate
2020-03-01,Baawa,0.3746,87.63,28.72,0.043,66.51,Good
2020-04-01,Baawa,0.4613,116.3,29.56,0.035,78.47,Good
2020-05-01,Baawa,0.4551,69.35,27.74,0.0257,73.73,Good
2020-06-01,Baawa,0.3357,19.03,25.5,0.0389,55.84,Moderate
2020-07-01,Baawa,0.3327,34.12,27.3,0.0466,55.0,Moderate
2020-08-01,Baawa,0.3111,36.32,27.3,0.0563,51.7,Moderate
2020-09-01,Baawa,0.2806,21.17,27.08,0.0567,47.14,Moderate
2020-10-01,Baawa,0.3024,38.98,29.79,0.0536,50.14,Moderate
2020-11-01,Baawa,0.361,57.2,28.45,0.0475,59.7,Moderate
2020-12-01,Baawa,0.3708,59.04,31.32,0.0416,59.73,Moderate
2021-01-01,Baawa,0.3128,14.18,31.68,0.052,45.58,Moderate
2021-02-01,Baawa,0.2637,7.92,32.44,0.0568,39.43,Poor
2021-03-01,Baawa,0.267,25.04,31.07,0.0487,45.4,Moderate
2021-04-01,Baawa,0.2554,25.07,31.04,0.0603,42.04,Moderate
2021-05-01,Baawa,0.3149,34.74,30.11,0.0511,50.61,Moderate
2021-06-01,Baawa,0.2452,7.27,28.59,0.0599,40.4,Moderate
2021-07-01,Baawa,0.2234,8.26,27.63,0.0625,39.24,Poor
2021-08-01,Baawa,0.2266,0.58,27.0,0.0705,36.91,Poor
2021-09-01,Baawa,0.2282,7.13,31.24,0.0553,38.11,Poor
2021-10-01,Baawa,0.25,25.47,32.37,0.0556,41.71,Moderate
2021-11-01,Baawa,0.3047,52.75,29.46,0.0467,54.4,Moderate
2021-12-01,Baawa,0.3311,48.35,30.08,0.0437,55.69,Moderate
2022-01-01,Baawa,0.273,14.01,32.46,0.0567,41.1,Moderate
2022-02-01,Baawa,0.2607,11.7,32.55,0.0582,39.44,Poor
2022-03-01,Baawa,0.2816,27.01,31.58,0.0554,44.86,Moderate
2022-04-01,Baawa,0.3358,66.0,30.5,0.0517,56.83,Moderate
2022-05-01,Baawa,0.3367,43.28,27.12,0.0537,55.36,Moderate
2022-06-01,Baawa,0.29,14.94,30.01,0.055,44.78,Moderate
2022-07-01,Baawa,0.2502,9.07,27.02,0.0557,43.25,Moderate
2022-08-01,Baawa,0.2487,10.65,28.31,0.0596,41.5,Moderate
2022-09-01,Baawa,0.2538,16.2,30.07,0.061,41.08,Moderate
2022-10-01,Baawa,0.3087,38.82,31.02,0.0507,50.23,Moderate
2022-11-01,Baawa,0.2992,31.96,29.84,0.0468,50.21,Moderate
2022-12-01,Baawa,0.3151,43.43,31.19,0.0558,50.16,Moderate
2023-01-01,Baawa,0.274,14.55,32.46,0.0464,43.56,Moderate
2023-02-01,Baawa,0.2417,8.76,32.18,0.0588,37.8,Poor
2023-03-01,Baawa,0.2852,46.4,29.91,0.0608,48.48,Moderate
2023-04-01,Baawa,0.3706,74.35,27.44,0.0465,64.26,Good
2023-05-01,Baawa,0.3948,72.5,29.02,0.0459,64.53,Good
2023-06-01,Baawa,0.328,29.69,25.84,0.0482,54.75,Moderate
2023-07-01,Baawa,0.2989,17.43,28.47,0.0583,46.31,Moderate
2023-08-01,Baawa,0.2717,13.32,27.69,0.0512,45.94,Moderate
2023-09-01,Baawa,0.2732,23.67,28.72,0.0459,48.11,Moderate
2023-10-01,Baawa,0.4164,121.81,27.03,0.0326,78.81,Good
2023-11-01,Baawa,0.5217,204.75,26.25,0.0245,91.78,Very good
2023-12-01,Baawa,0.58,192.28,29.61,0.0149,91.23,Very good
2024-01-01,Baawa,0.3958,16.55,33.03,0.039,53.6,Moderate
2024-02-01,Baawa,0.3074,20.72,31.23,0.0652,43.73,Moderate
2024-03-01,Baawa,0.3496,61.9,31.66,0.0475,57.12,Moderate
2024-04-01,Baawa,0.4709,124.66,28.93,0.0279,82.61,Very good
2024-05-01,Baawa,0.4739,95.22,27.7,0.02,80.65,Very good
2024-06-01,Baawa,0.3632,17.29,27.69,0.0479,53.73,Moderate
2024-07-01,Baawa,0.3231,30.42,27.08,0.048,53.57,Moderate
2024-08-01,Baawa,0.2879,18.07,28.99,0.0633,44.12,Moderate
2024-09-01,Baawa,0.2626,23.71,27.9,0.0477,47.63,Moderate
2024-10-01,Baawa,0.3764,90.16,28.47,0.0369,68.63,Good
2024-11-01,Baawa,0.5459,147.7,29.27,0.0294,87.89,Very good
2024-12-01,Baawa,0.4739,90.53,29.34,0.0259,77.26,Good
2025-01-01,Baawa,0.3349,6.57,30.37,0.0423,49.08,Moderate
2025-02-01,Baawa,0.3046,24.26,31.74,0.0389,49.55,Moderate
2025-03-01,Baawa,0.3828,86.58,29.59,0.0378,67.38,Good
2025-04-01,Baawa,0.4362,87.78,28.36,0.0287,74.32,Good
2025-05-01,Baawa,0.4729,105.59,27.39,0.0401,78.1,Good
2025-06-01,Baawa,0.3311,6.25,25.45,0.0422,52.69,Moderate
2025-07-01,Baawa,0.3136,21.41,27.77,0.053,49.74,Moderate
2025-08-01,Baawa,0.308,30.81,27.71,0.0429,53.22,Moderate
2025-09-01,Baawa,0.2908,22.52,27.15,0.0526,48.93,Moderate
2025-10-01,Baawa,0.3371,61.19,30.36,0.045,57.73,Moderate
2025-11-01,Baawa,0.432,88.22,27.27,0.0402,72.41,Good
2025-12-01,Baawa,0.44,90.06,30.9,0.035,71.53,Good
2026-01-01,Baawa,0.3551,28.14,31.74,0.0557,49.99,Moderate
2026-02-01,Baawa,0.3081,24.24,30.88,0.0536,47.21,Moderate
2026-03-01,Baawa,0.3323,59.42,30.12,0.0462,57.02,Moderate
2026-04-01,Baawa,0.3605,53.37,29.14,0.0622,55.22,Moderate
2026-05-01,Baawa,0.4572,113.01,28.17,0.0354,78.65,Good
2019-01-01,El-Barta,0.03,12.37,30.81,0.0827,19.37,Very poor
2019-02-01,El-Barta,0.0435,15.45,31.03,0.0834,20.49,Poor
2019-03-01,El-Barta,0.065,35.09,32.56,0.0693,27.18,Poor
2019-04-01,El-Barta,0.2569,127.13,28.96,0.0644,59.9,Moderate
2019-05-01,El-Barta,0.2628,87.71,29.65,0.0413,58.34,Moderate
2019-06-01,El-Barta,0.164,14.08,28.5,0.0744,32.72,Poor
2019-07-01,El-Barta,0.075,14.41,26.85,0.0836,25.82,Poor
2019-08-01,El-Barta,0.0627,14.2,30.0,0.0726,24.85,Poor
2019-09-01,El-Barta,0.0919,36.08,27.88,0.0819,30.15,Poor
2019-10-01,El-Barta,0.1338,52.67,30.49,0.0745,35.42,Poor
2019-11-01,El-Barta,0.2205,84.99,28.26,0.0483,54.49,Moderate
2019-12-01,El-Barta,0.1811,47.17,28.28,0.0699,40.6,Moderate
2020-01-01,El-Barta,0.1269,24.25,28.95,0.0676,32.95,Poor
2020-02-01,El-Barta,0.102,28.84,33.05,0.0732,27.46,Poor
2020-03-01,El-Barta,0.1587,63.16,30.53,0.0766,38.43,Poor
2020-04-01,El-Barta,0.1713,66.09,29.63,0.0773,40.35,Moderate
2020-05-01,El-Barta,0.2945,109.87,25.04,0.0589,64.03,Good
2020-06-01,El-Barta,0.1519,14.82,26.44,0.0693,34.78,Poor
2020-07-01,El-Barta,0.1214,32.45,28.02,0.0705,34.05,Poor
2020-08-01,El-Barta,0.1025,14.05,27.13,0.0629,32.07,Poor
2020-09-01,El-Barta,0.0921,34.07,28.08,0.0672,32.94,Poor
2020-10-01,El-Barta,0.13,39.54,31.43,0.0703,33.15,Poor
2020-11-01,El-Barta,0.1388,52.41,31.21,0.0749,35.05,Poor
2020-12-01,El-Barta,0.1036,13.18,31.78,0.0664,27.49,Poor
2021-01-01,El-Barta,0.0783,11.12,33.29,0.0686,23.68,Poor
2021-02-01,El-Barta,0.0368,4.58,32.76,0.0765,18.37,Very poor
2021-03-01,El-Barta,0.1208,47.35,30.74,0.0717,34.04,Poor
2021-04-01,El-Barta,0.1487,50.54,30.12,0.0711,37.17,Poor
2021-05-01,El-Barta,0.1415,45.03,29.75,0.0733,35.55,Poor
2021-06-01,El-Barta,0.0865,10.47,28.12,0.0811,25.51,Poor
2021-07-01,El-Barta,0.0856,11.83,28.93,0.0776,25.8,Poor
2021-08-01,El-Barta,0.0573,6.73,27.01,0.0795,24.08,Poor
2021-09-01,El-Barta,0.0497,7.66,29.42,0.0849,20.58,Poor
2021-10-01,El-Barta,0.048,21.13,29.87,0.085,22.32,Poor
2021-11-01,El-Barta,0.0959,47.22,27.21,0.0699,35.51,Poor
2021-12-01,El-Barta,0.1291,44.58,31.63,0.0699,33.85,Poor
2022-01-01,El-Barta,0.0671,2.93,33.47,0.0707,20.92,Poor
2022-02-01,El-Barta,0.0711,8.96,33.03,0.0743,21.76,Poor
2022-03-01,El-Barta,0.0324,12.99,32.73,0.0694,21.05,Poor
2022-04-01,El-Barta,0.0738,36.44,28.75,0.0733,30.17,Poor
2022-05-01,El-Barta,0.1043,41.08,29.68,0.0792,31.04,Poor
2022-06-01,El-Barta,0.0811,10.77,26.96,0.0794,26.48,Poor
2022-07-01,El-Barta,0.0445,7.79,28.82,0.0715,23.7,Poor
2022-08-01,El-Barta,0.03,6.55,30.18,0.0863,18.09,Very poor
2022-09-01,El-Barta,0.0348,11.33,30.63,0.0735,21.71,Poor
2022-10-01,El-Barta,0.0444,24.44,29.62,0.0741,25.24,Poor
2022-11-01,El-Barta,0.15,52.89,31.34,0.0605,39.03,Poor
2022-12-01,El-Barta,0.1395,47.89,32.08,0.0725,34.18,Poor
2023-01-01,El-Barta,0.0648,3.56,33.01,0.0794,19.3,Very poor
2023-02-01,El-Barta,0.0379,7.32,35.83,0.083,14.98,Very poor
2023-03-01,El-Barta,0.079,25.29,31.95,0.0717,26.46,Poor
2023-04-01,El-Barta,0.2307,127.57,26.4,0.0615,60.85,Good
2023-05-01,El-Barta,0.2175,66.89,28.58,0.0573,49.0,Moderate
2023-06-01,El-Barta,0.1672,32.14,28.29,0.0707,36.94,Poor
2023-07-01,El-Barta,0.1282,27.28,24.51,0.0731,35.88,Poor
2023-08-01,El-Barta,0.0607,20.89,27.46,0.081,25.98,Poor
2023-09-01,El-Barta,0.1129,32.82,29.07,0.0674,33.36,Poor
2023-10-01,El-Barta,0.2987,165.82,25.61,0.0506,72.4,Good
2023-11-01,El-Barta,0.3853,268.73,25.95,0.0529,77.67,Good
2023-12-01,El-Barta,0.4519,157.39,28.98,0.0331,84.32,Very good
2024-01-01,El-Barta,0.2384,17.7,31.94,0.0627,38.37,Poor
2024-02-01,El-Barta,0.106,10.91,31.49,0.0729,26.07,Poor
2024-03-01,El-Barta,0.1955,75.37,29.71,0.066,46.03,Moderate
2024-04-01,El-Barta,0.2218,85.28,28.3,0.0601,51.96,Moderate
2024-05-01,El-Barta,0.279,99.45,27.37,0.0541,60.4,Good
2024-06-01,El-Barta,0.1863,28.52,27.7,0.071,38.08,Poor
2024-07-01,El-Barta,0.1117,22.21,26.29,0.0779,31.41,Poor
2024-08-01,El-Barta,0.0963,19.28,26.9,0.0718,30.71,Poor
2024-09-01,El-Barta,0.0735,13.31,27.55,0.0771,26.41,Poor
2024-10-01,El-Barta,0.189,101.86,28.98,0.056,52.8,Moderate
2024-11-01,El-Barta,0.3514,148.89,27.41,0.0335,78.27,Good
2024-12-01,El-Barta,0.325,99.95,29.02,0.0464,64.11,Good
2025-01-01,El-Barta,0.1531,12.86,30.94,0.0636,32.19,Poor
2025-02-01,El-Barta,0.1321,25.73,32.48,0.0649,31.35,Poor
2025-03-01,El-Barta,0.1554,66.97,32.1,0.0669,39.7,Poor
2025-04-01,El-Barta,0.2477,102.65,27.81,0.0636,56.28,Moderate
2025-05-01,El-Barta,0.2799,95.33,28.31,0.0598,57.75,Moderate
2025-06-01,El-Barta,0.1755,30.97,25.75,0.0608,41.55,Moderate
2025-07-01,El-Barta,0.1129,21.56,24.78,0.0623,36.05,Poor
2025-08-01,El-Barta,0.1076,35.96,26.4,0.0753,33.89,Poor
2025-09-01,El-Barta,0.0852,23.92,30.95,0.0764,26.43,Poor
2025-10-01,El-Barta,0.1843,94.54,30.18,0.0619,48.98,Moderate
2025-11-01,El-Barta,0.1878,59.29,29.91,0.0708,41.6,Moderate
2025-12-01,El-Barta,0.1986,74.78,27.8,0.058,49.46,Moderate
2026-01-01,El-Barta,0.1529,22.97,30.31,0.0595,35.28,Poor
2026-02-01,El-Barta,0.1002,26.0,34.01,0.0865,23.14,Poor
2026-03-01,El-Barta,0.1456,50.98,31.62,0.0795,33.96,Poor
2026-04-01,El-Barta,0.276,132.17,27.89,0.0536,65.35,Good
2026-05-01,El-Barta,0.2652,85.29,27.89,0.0499,57.61,Moderate
2019-01-01,Lodokejek,0.03,16.98,30.94,0.079,20.85,Poor
2019-02-01,Lodokejek,0.03,7.18,29.78,0.0779,20.39,Poor
2019-03-01,Lodokejek,0.1217,76.0,32.59,0.065,38.88,Poor
2019-04-01,Lodokejek,0.2217,117.02,29.61,0.0589,56.47,Moderate
2019-05-01,Lodokejek,0.2571,112.7,27.59,0.0643,58.64,Moderate
2019-06-01,Lodokejek,0.161,34.58,27.18,0.0632,39.46,Poor
2019-07-01,Lodokejek,0.1016,14.98,26.86,0.0713,30.51,Poor
2019-08-01,Lodokejek,0.0515,23.17,27.15,0.0781,26.61,Poor
2019-09-01,Lodokejek,0.0323,14.59,30.03,0.073,22.68,Poor
2019-10-01,Lodokejek,0.1057,68.56,31.19,0.0757,35.29,Poor
2019-11-01,Lodokejek,0.2937,135.38,27.04,0.0477,69.11,Good
2019-12-01,Lodokejek,0.3087,114.42,27.99,0.0558,64.11,Good
2020-01-01,Lodokejek,0.1589,24.36,30.09,0.0721,33.32,Poor
2020-02-01,Lodokejek,0.068,7.76,31.32,0.0774,22.02,Poor
2020-03-01,Lodokejek,0.1715,85.69,32.91,0.0713,42.34,Moderate
2020-04-01,Lodokejek,0.2404,111.07,28.78,0.0624,56.67,Moderate
2020-05-01,Lodokejek,0.2164,77.83,27.42,0.0617,50.7,Moderate
2020-06-01,Lodokejek,0.141,29.47,26.02,0.065,37.75,Poor
2020-07-01,Lodokejek,0.0623,16.44,26.7,0.0845,25.19,Poor
2020-08-01,Lodokejek,0.03,13.89,26.58,0.0773,24.21,Poor
2020-09-01,Lodokejek,0.0622,27.59,28.95,0.0766,27.0,Poor
2020-10-01,Lodokejek,0.0609,32.47,30.29,0.0784,26.24,Poor
2020-11-01,Lodokejek,0.0825,51.23,29.91,0.0745,32.05,Poor
2020-12-01,Lodokejek,0.1147,48.63,30.27,0.0735,33.81,Poor
2021-01-01,Lodokejek,0.0553,11.95,32.03,0.0835,19.9,Very poor
2021-02-01,Lodokejek,0.03,6.28,35.38,0.08,15.29,Very poor
2021-03-01,Lodokejek,0.0543,26.74,32.11,0.0813,22.71,Poor
2021-04-01,Lodokejek,0.1446,80.22,31.61,0.072,40.42,Moderate
2021-05-01,Lodokejek,0.1216,42.51,28.36,0.075,34.46,Poor
2021-06-01,Lodokejek,0.0537,9.1,27.68,0.0815,23.25,Poor
2021-07-01,Lodokejek,0.03,7.34,30.45,0.0688,21.89,Poor
2021-08-01,Lodokejek,0.03,6.89,28.31,0.0847,19.99,Very poor
2021-09-01,Lodokejek,0.03,11.29,30.35,0.0789,20.4,Poor
2021-10-01,Lodokejek,0.0551,35.76,29.96,0.0739,27.65,Poor
2021-11-01,Lodokejek,0.066,34.39,28.41,0.0775,28.63,Poor
2021-12-01,Lodokejek,0.0588,35.3,29.5,0.0849,25.76,Poor
2022-01-01,Lodokejek,0.0402,10.42,31.52,0.0819,19.34,Very poor
2022-02-01,Lodokejek,0.0384,10.34,34.88,0.0859,15.63,Very poor
2022-03-01,Lodokejek,0.0453,27.57,31.34,0.0817,22.76,Poor
2022-04-01,Lodokejek,0.0724,46.55,31.26,0.0802,28.23,Poor
2022-05-01,Lodokejek,0.0937,56.3,30.61,0.0678,34.61,Poor
2022-06-01,Lodokejek,0.0503,9.92,27.48,0.0745,24.86,Poor
2022-07-01,Lodokejek,0.0323,10.05,28.44,0.0832,20.92,Poor
2022-08-01,Lodokejek,0.03,9.93,26.53,0.0786,23.28,Poor
2022-09-01,Lodokejek,0.03,5.9,30.46,0.0935,16.17,Very poor
2022-10-01,Lodokejek,0.03,19.34,31.08,0.0837,20.08,Poor
2022-11-01,Lodokejek,0.0849,62.45,28.1,0.0721,36.06,Poor
2022-12-01,Lodokejek,0.0853,34.66,30.15,0.0743,29.35,Poor
2023-01-01,Lodokejek,0.0482,13.27,29.64,0.0771,22.97,Poor
2023-02-01,Lodokejek,0.042,15.52,31.29,0.0731,22.46,Poor
2023-03-01,Lodokejek,0.0649,32.29,34.68,0.0644,26.1,Poor
2023-04-01,Lodokejek,0.1965,125.97,28.01,0.0625,56.68,Moderate
2023-05-01,Lodokejek,0.1653,53.89,27.1,0.082,38.86,Poor
2023-06-01,Lodokejek,0.1412,31.75,25.36,0.0707,37.39,Poor
2023-07-01,Lodokejek,0.0567,17.08,25.74,0.0896,24.53,Poor
2023-08-01,Lodokejek,0.0493,13.05,27.44,0.0805,24.02,Poor
2023-09-01,Lodokejek,0.0781,33.06,28.77,0.076,29.28,Poor
2023-10-01,Lodokejek,0.2263,143.24,28.31,0.0575,62.5,Good
2023-11-01,Lodokejek,0.3444,246.88,26.38,0.0434,76.59,Good
2023-12-01,Lodokejek,0.3808,189.96,27.88,0.0287,81.2,Very good
2024-01-01,Lodokejek,0.199,28.52,29.21,0.0606,40.07,Moderate
2024-02-01,Lodokejek,0.1013,17.73,30.65,0.0749,27.09,Poor
2024-03-01,Lodokejek,0.1911,85.75,31.31,0.0624,46.98,Moderate
2024-04-01,Lodokejek,0.1882,79.65,29.69,0.0563,48.41,Moderate
2024-05-01,Lodokejek,0.2035,86.2,26.63,0.0677,50.49,Moderate
2024-06-01,Lodokejek,0.1641,40.53,26.87,0.0659,40.33,Moderate
2024-07-01,Lodokejek,0.0983,22.73,26.81,0.0775,30.22,Poor
2024-08-01,Lodokejek,0.0371,9.96,27.13,0.0843,22.05,Poor
2024-09-01,Lodokejek,0.039,18.1,28.26,0.0927,20.77,Poor
2024-10-01,Lodokejek,0.0865,51.09,28.76,0.0775,32.55,Poor
2024-11-01,Lodokejek,0.1797,108.2,27.35,0.064,52.73,Moderate
2024-12-01,Lodokejek,0.2418,98.51,29.38,0.0598,54.78,Moderate
2025-01-01,Lodokejek,0.1211,11.17,32.54,0.0694,27.1,Poor
2025-02-01,Lodokejek,0.0635,13.14,33.07,0.0809,20.43,Poor
2025-03-01,Lodokejek,0.1099,66.47,31.17,0.0766,35.04,Poor
2025-04-01,Lodokejek,0.1623,71.74,28.46,0.0554,46.47,Moderate
2025-05-01,Lodokejek,0.2155,94.59,27.22,0.0652,52.81,Moderate
2025-06-01,Lodokejek,0.1299,23.87,25.82,0.072,34.64,Poor
2025-07-01,Lodokejek,0.065,21.58,25.7,0.0851,26.9,Poor
2025-08-01,Lodokejek,0.0734,31.81,26.32,0.0694,32.19,Poor
2025-09-01,Lodokejek,0.0905,43.21,30.51,0.0698,31.84,Poor
2025-10-01,Lodokejek,0.1057,45.78,29.04,0.082,31.8,Poor
2025-11-01,Lodokejek,0.1871,110.35,29.57,0.0547,53.91,Moderate
2025-12-01,Lodokejek,0.2325,95.79,28.42,0.0636,53.6,Moderate
2026-01-01,Lodokejek,0.1299,17.63,30.69,0.0598,32.42,Poor
2026-02-01,Lodokejek,0.1011,27.11,33.68,0.0726,26.74,Poor
2026-03-01,Lodokejek,0.1208,59.36,31.17,0.0637,37.47,Poor
2026-04-01,Lodokejek,0.2876,173.92,29.49,0.0452,69.72,Good
2026-05-01,Lodokejek,0.2314,74.88,29.34,0.056,50.98,Moderate
2019-01-01,Loosuk,0.115,18.56,29.97,0.0642,31.12,Poor
2019-02-01,Loosuk,0.206,19.09,32.07,0.0545,38.06,Poor
2019-03-01,Loosuk,0.2996,74.06,30.79,0.0503,55.73,Moderate
2019-04-01,Loosuk,0.4734,138.84,29.02,0.0309,84.41,Very good
2019-05-01,Loosuk,0.4165,67.47,27.2,0.0459,66.68,Good
2019-06-01,Loosuk,0.3669,38.02,27.09,0.0542,56.52,Moderate
2019-07-01,Loosuk,0.3061,25.81,26.71,0.0518,51.06,Moderate
2019-08-01,Loosuk,0.2839,23.71,25.82,0.0489,50.52,Moderate
2019-09-01,Loosuk,0.2734,25.74,29.47,0.0406,49.05,Moderate
2019-10-01,Loosuk,0.3094,63.19,29.23,0.0474,56.5,Moderate
2019-11-01,Loosuk,0.399,85.72,28.37,0.0346,70.04,Good
2019-12-01,Loosuk,0.4161,86.94,28.83,0.0403,69.81,Good
2020-01-01,Loosuk,0.3382,18.6,29.01,0.0475,51.23,Moderate
2020-02-01,Loosuk,0.2842,15.37,32.45,0.0537,42.77,Moderate
2020-03-01,Loosuk,0.2968,44.73,30.33,0.0403,53.23,Moderate
2020-04-01,Loosuk,0.5087,163.1,28.54,0.0281,89.16,Very good
2020-05-01,Loosuk,0.4903,93.49,29.53,0.044,74.72,Good
2020-06-01,Loosuk,0.356,26.16,27.33,0.0493,54.69,Moderate
2020-07-01,Loosuk,0.3216,22.29,28.35,0.0477,51.17,Moderate
2020-08-01,Loosuk,0.2746,12.23,25.09,0.0556,47.07,Moderate
2020-09-01,Loosuk,0.2948,37.03,28.06,0.0568,49.97,Moderate
2020-10-01,Loosuk,0.2997,38.63,31.04,0.0558,48.42,Moderate
2020-11-01,Loosuk,0.2722,30.15,32.28,0.0593,43.3,Moderate
2020-12-01,Loosuk,0.2883,34.7,29.59,0.0434,50.88,Moderate
2021-01-01,Loosuk,0.2497,9.2,33.57,0.0497,39.33,Poor
2021-02-01,Loosuk,0.2737,15.78,32.27,0.042,44.87,Moderate
2021-03-01,Loosuk,0.2441,25.66,31.96,0.0604,40.6,Moderate
2021-04-01,Loosuk,0.2941,55.5,29.28,0.0551,52.39,Moderate
2021-05-01,Loosuk,0.3424,62.51,29.58,0.0452,58.9,Moderate
2021-06-01,Loosuk,0.3056,26.66,29.72,0.0487,49.45,Moderate
2021-07-01,Loosuk,0.2607,13.59,28.97,0.0653,41.04,Moderate
2021-08-01,Loosuk,0.2349,0.29,28.71,0.0577,38.93,Poor
2021-09-01,Loosuk,0.2503,19.43,31.85,0.0576,40.7,Moderate
2021-10-01,Loosuk,0.2304,22.68,31.27,0.0585,40.12,Moderate
2021-11-01,Loosuk,0.2712,44.41,29.94,0.0497,49.6,Moderate
2021-12-01,Loosuk,0.3455,66.14,29.47,0.0453,59.8,Moderate
2022-01-01,Loosuk,0.27,5.36,30.4,0.0537,41.77,Moderate
2022-02-01,Loosuk,0.2541,12.71,34.84,0.0435,40.59,Moderate
2022-03-01,Loosuk,0.2947,38.19,31.83,0.0514,48.33,Moderate
2022-04-01,Loosuk,0.2655,26.15,30.61,0.0491,45.76,Moderate
2022-05-01,Loosuk,0.3189,60.79,28.6,0.0588,54.73,Moderate
2022-06-01,Loosuk,0.2654,8.32,27.91,0.0557,43.49,Moderate
2022-07-01,Loosuk,0.2455,10.31,27.89,0.0542,42.76,Moderate
2022-08-01,Loosuk,0.1952,0.1,28.2,0.0685,34.13,Poor
2022-09-01,Loosuk,0.2185,14.17,31.41,0.0524,39.1,Poor
2022-10-01,Loosuk,0.2703,45.71,31.2,0.0484,49.04,Moderate
2022-11-01,Loosuk,0.3135,56.1,30.08,0.0424,56.02,Moderate
2022-12-01,Loosuk,0.2821,27.64,31.55,0.0574,44.57,Moderate
2023-01-01,Loosuk,0.2641,17.73,33.11,0.0746,36.61,Poor
2023-02-01,Loosuk,0.225,9.31,33.61,0.0565,36.08,Poor
2023-03-01,Loosuk,0.2768,38.03,31.02,0.0587,46.09,Moderate
2023-04-01,Loosuk,0.4459,134.65,27.3,0.0351,82.23,Very good
2023-05-01,Loosuk,0.4541,105.81,27.98,0.0402,76.33,Good
2023-06-01,Loosuk,0.3228,7.9,27.91,0.0506,48.57,Moderate
2023-07-01,Loosuk,0.3106,23.69,25.7,0.0526,51.67,Moderate
2023-08-01,Loosuk,0.2677,16.31,26.75,0.0613,44.66,Moderate
2023-09-01,Loosuk,0.2737,38.55,28.53,0.0642,46.72,Moderate
2023-10-01,Loosuk,0.4486,135.05,25.51,0.0242,86.36,Very good
2023-11-01,Loosuk,0.5672,156.26,27.24,0.01,94.21,Very good
2023-12-01,Loosuk,0.58,142.42,30.29,0.0219,87.87,Very good
2024-01-01,Loosuk,0.4293,23.07,32.33,0.0432,56.65,Moderate
2024-02-01,Loosuk,0.3357,30.87,31.76,0.0427,51.98,Moderate
2024-03-01,Loosuk,0.3259,44.91,30.42,0.049,53.29,Moderate
2024-04-01,Loosuk,0.4841,136.47,28.4,0.0457,81.99,Very good
2024-05-01,Loosuk,0.4327,71.4,25.84,0.0284,73.43,Good
2024-06-01,Loosuk,0.3508,33.09,29.37,0.0444,54.93,Moderate
2024-07-01,Loosuk,0.3067,30.79,27.86,0.0507,51.26,Moderate
2024-08-01,Loosuk,0.2934,34.86,28.35,0.0555,49.55,Moderate
2024-09-01,Loosuk,0.273,27.57,27.75,0.0573,47.0,Moderate
2024-10-01,Loosuk,0.426,107.52,29.5,0.0359,74.39,Good
2024-11-01,Loosuk,0.5098,127.9,27.35,0.0245,87.21,Very good
2024-12-01,Loosuk,0.5459,134.22,26.87,0.027,88.09,Very good
2025-01-01,Loosuk,0.3954,23.88,32.74,0.0405,54.68,Moderate
2025-02-01,Loosuk,0.3316,25.65,31.35,0.0355,52.74,Moderate
2025-03-01,Loosuk,0.339,58.06,31.81,0.0383,57.67,Moderate
2025-04-01,Loosuk,0.418,102.97,30.32,0.0372,72.13,Good
2025-05-01,Loosuk,0.4363,80.93,28.22,0.0379,71.25,Good
2025-06-01,Loosuk,0.3569,21.38,28.06,0.0495,53.32,Moderate
2025-07-01,Loosuk,0.2941,26.61,26.0,0.0516,50.97,Moderate
2025-08-01,Loosuk,0.2859,22.65,29.32,0.0497,47.51,Moderate
2025-09-01,Loosuk,0.2787,35.3,27.55,0.0546,49.44,Moderate
2025-10-01,Loosuk,0.3592,69.66,28.9,0.0482,61.14,Good
2025-11-01,Loosuk,0.4181,97.18,28.19,0.0497,70.1,Good
2025-12-01,Loosuk,0.5486,161.37,29.5,0.0283,88.34,Very good
2026-01-01,Loosuk,0.3643,16.72,29.52,0.0478,52.27,Moderate
2026-02-01,Loosuk,0.3,20.99,34.39,0.0611,41.63,Moderate
2026-03-01,Loosuk,0.3981,90.52,28.91,0.0449,68.06,Good
2026-04-01,Loosuk,0.4876,126.07,27.01,0.0486,80.96,Very good
2026-05-01,Loosuk,0.5325,121.84,26.82,0.0287,85.68,Very good
2019-01-01,Maralal,0.1896,26.76,30.2,0.0546,39.66,Poor
2019-02-01,Maralal,0.2933,24.77,31.04,0.0399,49.19,Moderate
2019-03-01,Maralal,0.3677,45.76,31.87,0.0483,55.35,Moderate
2019-04-01,Maralal,0.5215,113.75,26.73,0.0268,84.85,Very good
2019-05-01,Maralal,0.5401,84.54,28.01,0.0275,78.78,Good
2019-06-01,Maralal,0.4719,37.21,26.87,0.0342,68.36,Good
2019-07-01,Maralal,0.3984,26.09,26.29,0.0424,59.99,Moderate
2019-08-01,Maralal,0.3827,30.08,27.08,0.0556,55.99,Moderate
2019-09-01,Maralal,0.409,24.43,28.6,0.0412,58.88,Moderate
2019-10-01,Maralal,0.4187,51.36,28.56,0.0338,65.72,Good
2019-11-01,Maralal,0.52,110.29,28.95,0.0202,83.96,Very good
2019-12-01,Maralal,0.5318,78.73,28.88,0.0217,78.42,Good
2020-01-01,Maralal,0.4098,7.61,31.85,0.0439,52.94,Moderate
2020-02-01,Maralal,0.3475,9.98,31.41,0.0519,47.55,Moderate
2020-03-01,Maralal,0.5309,119.96,30.25,0.0313,82.07,Very good
2020-04-01,Maralal,0.58,124.62,27.93,0.0183,87.59,Very good
2020-05-01,Maralal,0.58,130.91,27.07,0.0161,89.8,Very good
2020-06-01,Maralal,0.5432,42.37,27.81,0.0276,71.9,Good
2020-07-01,Maralal,0.4145,15.68,25.94,0.0426,59.63,Moderate
2020-08-01,Maralal,0.386,26.14,27.5,0.0368,59.41,Moderate
2020-09-01,Maralal,0.3595,18.07,27.5,0.0499,53.32,Moderate
2020-10-01,Maralal,0.3675,32.7,27.59,0.0445,57.43,Moderate
2020-11-01,Maralal,0.435,53.92,29.37,0.0359,66.19,Good
2020-12-01,Maralal,0.377,34.36,30.76,0.0462,55.46,Moderate
2021-01-01,Maralal,0.3651,8.48,31.75,0.0438,50.05,Moderate
2021-02-01,Maralal,0.3271,10.31,33.28,0.0465,45.88,Moderate
2021-03-01,Maralal,0.3613,36.6,32.29,0.0332,56.4,Moderate
2021-04-01,Maralal,0.413,53.4,31.94,0.0319,63.38,Good
2021-05-01,Maralal,0.4147,38.57,30.32,0.0434,59.79,Moderate
2021-06-01,Maralal,0.3773,20.53,29.23,0.0469,54.24,Moderate
2021-07-01,Maralal,0.3452,11.87,25.86,0.0487,52.85,Moderate
2021-08-01,Maralal,0.3344,3.62,28.7,0.0483,48.55,Moderate
2021-09-01,Maralal,0.3398,14.0,28.39,0.0476,51.05,Moderate
2021-10-01,Maralal,0.3162,13.22,29.25,0.0581,46.25,Moderate
2021-11-01,Maralal,0.3452,30.92,29.12,0.0431,54.66,Moderate
2021-12-01,Maralal,0.4062,45.18,30.26,0.0396,61.17,Good
2022-01-01,Maralal,0.3498,11.77,33.51,0.0395,49.09,Moderate
2022-02-01,Maralal,0.3533,9.7,33.57,0.0413,48.53,Moderate
2022-03-01,Maralal,0.3887,40.67,32.96,0.0377,57.46,Moderate
2022-04-01,Maralal,0.3973,36.13,30.2,0.0402,58.97,Moderate
2022-05-01,Maralal,0.4121,30.66,30.65,0.0362,59.62,Moderate
2022-06-01,Maralal,0.3295,8.14,28.85,0.0458,49.38,Moderate
2022-07-01,Maralal,0.3215,7.84,27.45,0.0441,50.28,Moderate
2022-08-01,Maralal,0.323,9.26,29.77,0.0549,46.37,Moderate
2022-09-01,Maralal,0.3266,11.03,28.1,0.0472,49.97,Moderate
2022-10-01,Maralal,0.3553,14.89,29.72,0.0517,50.3,Moderate
2022-11-01,Maralal,0.3713,38.86,30.29,0.0379,58.05,Moderate
2022-12-01,Maralal,0.3847,48.0,32.35,0.039,58.61,Moderate
2023-01-01,Maralal,0.3524,5.88,31.98,0.0468,47.88,Moderate
2023-02-01,Maralal,0.3294,11.13,31.68,0.0465,47.45,Moderate
2023-03-01,Maralal,0.3632,33.54,31.57,0.0496,52.95,Moderate
2023-04-01,Maralal,0.474,80.31,28.41,0.0302,75.35,Good
2023-05-01,Maralal,0.5777,113.57,28.99,0.027,82.97,Very good
2023-06-01,Maralal,0.4692,37.02,27.95,0.0342,67.28,Good
2023-07-01,Maralal,0.414,21.21,27.34,0.0296,62.28,Good
2023-08-01,Maralal,0.3519,16.29,27.45,0.0423,54.2,Moderate
2023-09-01,Maralal,0.3741,22.15,30.04,0.0413,54.89,Moderate
2023-10-01,Maralal,0.4969,100.76,26.2,0.0242,83.46,Very good
2023-11-01,Maralal,0.58,197.92,27.63,0.0231,90.99,Very good
2023-12-01,Maralal,0.58,260.38,29.3,0.0327,87.51,Very good
2024-01-01,Maralal,0.4971,14.76,32.18,0.0296,63.14,Good
2024-02-01,Maralal,0.4611,32.37,32.23,0.0376,61.74,Good
2024-03-01,Maralal,0.4905,81.05,30.93,0.0402,72.38,Good
2024-04-01,Maralal,0.5022,77.04,28.09,0.0338,76.07,Good
2024-05-01,Maralal,0.5325,82.46,24.71,0.0247,81.71,Very good
2024-06-01,Maralal,0.4478,26.17,27.01,0.0455,62.2,Good
2024-07-01,Maralal,0.3796,20.26,26.05,0.0474,56.79,Moderate
2024-08-01,Maralal,0.3555,20.66,26.94,0.0399,56.13,Moderate
2024-09-01,Maralal,0.3818,23.34,28.3,0.0484,55.44,Moderate
2024-10-01,Maralal,0.4643,82.63,28.55,0.0478,71.04,Good
2024-11-01,Maralal,0.5414,103.18,28.05,0.0221,83.07,Very good
2024-12-01,Maralal,0.5317,72.94,29.53,0.0166,78.08,Good
2025-01-01,Maralal,0.4173,14.74,30.68,0.0445,55.45,Moderate
2025-02-01,Maralal,0.3954,21.49,32.28,0.0439,53.9,Moderate
2025-03-01,Maralal,0.4123,56.79,31.18,0.0481,60.93,Good
2025-04-01,Maralal,0.58,159.78,29.06,0.0247,89.5,Very good
2025-05-01,Maralal,0.58,112.68,27.33,0.019,85.92,Very good
2025-06-01,Maralal,0.4627,21.3,27.68,0.0353,64.16,Good
2025-07-01,Maralal,0.4037,9.65,25.99,0.0432,57.69,Moderate
2025-08-01,Maralal,0.378,27.6,25.63,0.0374,60.46,Good
2025-09-01,Maralal,0.3498,19.08,29.84,0.0402,53.07,Moderate
2025-10-01,Maralal,0.4108,61.82,28.04,0.0489,63.98,Good
2025-11-01,Maralal,0.5764,132.14,28.33,0.0209,87.95,Very good
2025-12-01,Maralal,0.5068,47.05,31.97,0.0183,71.43,Good
2026-01-01,Maralal,0.4274,18.17,32.76,0.0273,58.9,Moderate
2026-02-01,Maralal,0.3979,20.63,32.52,0.0338,55.99,Moderate
2026-03-01,Maralal,0.4103,53.06,30.56,0.0356,63.44,Good
2026-04-01,Maralal,0.58,155.41,27.04,0.01,94.37,Very good
2026-05-01,Maralal,0.5638,84.28,27.35,0.0205,80.84,Very good
2019-01-01,Nachola,0.1577,7.07,31.47,0.0564,32.73,Poor
2019-02-01,Nachola,0.2625,21.33,33.36,0.0565,40.9,Moderate
2019-03-01,Nachola,0.3684,57.71,30.81,0.0453,58.92,Moderate
2019-04-01,Nachola,0.4588,85.45,27.78,0.0328,75.07,Good
2019-05-01,Nachola,0.4848,81.43,28.35,0.0283,76.77,Good
2019-06-01,Nachola,0.4775,47.4,28.23,0.0335,69.51,Good
2019-07-01,Nachola,0.3954,21.06,26.5,0.042,58.88,Moderate
2019-08-01,Nachola,0.4038,28.85,28.45,0.0384,60.0,Moderate
2019-09-01,Nachola,0.3454,17.23,27.97,0.0498,51.82,Moderate
2019-10-01,Nachola,0.4106,65.56,27.09,0.0329,68.9,Good
2019-11-01,Nachola,0.4729,90.47,28.9,0.0353,75.45,Good
2019-12-01,Nachola,0.3954,4.87,31.1,0.0479,51.2,Moderate
2020-01-01,Nachola,0.3505,16.76,32.07,0.0414,50.71,Moderate
2020-02-01,Nachola,0.3666,31.51,33.25,0.0539,50.55,Moderate
2020-03-01,Nachola,0.4424,53.0,33.62,0.0322,63.97,Good
2020-04-01,Nachola,0.4638,74.24,28.9,0.047,69.5,Good
2020-05-01,Nachola,0.5351,105.09,28.12,0.0302,81.52,Very good
2020-06-01,Nachola,0.4528,24.86,27.22,0.0361,64.27,Good
2020-07-01,Nachola,0.3975,30.17,26.63,0.0371,61.53,Good
2020-08-01,Nachola,0.3872,15.21,25.82,0.0443,57.36,Moderate
2020-09-01,Nachola,0.3855,36.46,29.3,0.054,55.84,Moderate
2020-10-01,Nachola,0.425,47.61,28.68,0.0326,65.7,Good
2020-11-01,Nachola,0.3734,19.19,28.25,0.037,56.73,Moderate
2020-12-01,Nachola,0.3831,35.24,29.43,0.056,54.93,Moderate
2021-01-01,Nachola,0.3466,12.84,31.97,0.054,47.05,Moderate
2021-02-01,Nachola,0.3095,7.53,33.67,0.0522,42.6,Moderate
2021-03-01,Nachola,0.3234,21.31,31.11,0.0505,48.3,Moderate
2021-04-01,Nachola,0.3971,54.63,31.26,0.044,60.35,Good
2021-05-01,Nachola,0.4456,52.75,29.87,0.0299,67.67,Good
2021-06-01,Nachola,0.3944,17.23,28.85,0.0412,56.45,Moderate
2021-07-01,Nachola,0.3655,14.25,28.33,0.0473,53.01,Moderate
2021-08-01,Nachola,0.3534,12.93,28.86,0.0525,50.36,Moderate
2021-09-01,Nachola,0.3027,9.67,32.14,0.0541,43.3,Moderate
2021-10-01,Nachola,0.377,34.21,32.9,0.0406,54.96,Moderate
2021-11-01,Nachola,0.3693,38.35,32.26,0.0381,56.2,Moderate
2021-12-01,Nachola,0.4159,61.99,30.62,0.0434,63.53,Good
2022-01-01,Nachola,0.3714,15.21,30.65,0.0373,53.95,Moderate
2022-02-01,Nachola,0.3355,3.29,33.49,0.0395,46.7,Moderate
2022-03-01,Nachola,0.358,32.67,30.61,0.0455,54.13,Moderate
2022-04-01,Nachola,0.4042,49.99,31.35,0.035,61.99,Good
2022-05-01,Nachola,0.444,58.36,28.52,0.0364,68.12,Good
2022-06-01,Nachola,0.3752,25.52,28.77,0.0477,55.11,Moderate
2022-07-01,Nachola,0.3543,5.26,28.15,0.0526,49.69,Moderate
2022-08-01,Nachola,0.3147,4.25,27.41,0.0357,51.11,Moderate
2022-09-01,Nachola,0.3323,15.68,29.94,0.0517,48.66,Moderate
2022-10-01,Nachola,0.3879,47.93,30.77,0.0384,60.22,Good
2022-11-01,Nachola,0.437,56.2,30.84,0.0262,67.68,Good
2022-12-01,Nachola,0.41,50.09,30.12,0.0395,62.39,Good
2023-01-01,Nachola,0.382,14.03,30.91,0.0402,53.64,Moderate
2023-02-01,Nachola,0.3279,10.13,30.6,0.0359,50.41,Moderate
2023-03-01,Nachola,0.3645,27.82,32.15,0.037,54.42,Moderate
2023-04-01,Nachola,0.4946,114.6,28.5,0.0275,83.04,Very good
2023-05-01,Nachola,0.524,93.05,29.22,0.0264,79.49,Good
2023-06-01,Nachola,0.4154,24.02,27.39,0.0422,60.01,Good
2023-07-01,Nachola,0.3917,28.96,26.99,0.0442,59.05,Moderate
2023-08-01,Nachola,0.3601,18.75,25.37,0.0475,55.7,Moderate
2023-09-01,Nachola,0.3559,15.17,28.76,0.0523,51.03,Moderate
2023-10-01,Nachola,0.4943,99.47,29.48,0.0341,78.23,Good
2023-11-01,Nachola,0.58,260.72,26.99,0.0185,92.52,Very good
2023-12-01,Nachola,0.58,224.83,28.52,0.0308,88.57,Very good
2024-01-01,Nachola,0.4949,18.93,31.59,0.0318,63.68,Good
2024-02-01,Nachola,0.4337,28.83,30.23,0.0445,59.32,Moderate
2024-03-01,Nachola,0.4831,86.9,30.6,0.0411,72.9,Good
2024-04-01,Nachola,0.527,92.91,28.9,0.0321,78.45,Good
2024-05-01,Nachola,0.5108,73.4,27.56,0.0232,78.25,Good
2024-06-01,Nachola,0.4439,26.23,27.06,0.0377,63.65,Good
2024-07-01,Nachola,0.3907,26.49,26.97,0.0475,57.85,Moderate
2024-08-01,Nachola,0.3501,15.82,27.06,0.0445,53.82,Moderate
2024-09-01,Nachola,0.3452,14.54,26.58,0.0433,53.93,Moderate
2024-10-01,Nachola,0.4447,87.57,30.46,0.0374,71.27,Good
2024-11-01,Nachola,0.4619,65.38,27.59,0.0357,71.45,Good
2024-12-01,Nachola,0.58,129.3,28.91,0.0199,87.23,Very good
2025-01-01,Nachola,0.4514,19.54,29.8,0.0321,62.09,Good
2025-02-01,Nachola,0.4179,18.73,29.43,0.0444,57.19,Moderate
2025-03-01,Nachola,0.4749,90.23,32.29,0.0192,76.41,Good
2025-04-01,Nachola,0.58,180.47,29.17,0.0227,89.85,Very good
2025-05-01,Nachola,0.527,55.36,27.16,0.0276,74.58,Good
2025-06-01,Nachola,0.4374,16.67,27.82,0.0432,59.76,Moderate
2025-07-01,Nachola,0.3779,23.69,27.48,0.0413,57.47,Moderate
2025-08-01,Nachola,0.3501,18.87,27.17,0.0638,49.97,Moderate
2025-09-01,Nachola,0.372,27.23,29.17,0.0521,53.89,Moderate
2025-10-01,Nachola,0.429,70.04,29.43,0.0441,66.58,Good
2025-11-01,Nachola,0.58,156.71,26.7,0.0237,91.6,Very good
2025-12-01,Nachola,0.58,109.71,27.85,0.018,85.24,Very good
2026-01-01,Nachola,0.4596,27.55,30.77,0.0348,62.63,Good
2026-02-01,Nachola,0.4267,29.62,33.26,0.0356,58.5,Moderate
2026-03-01,Nachola,0.4808,82.66,30.27,0.0278,75.27,Good
2026-04-01,Nachola,0.559,119.53,29.27,0.02,85.29,Very good
2026-05-01,Nachola,0.5012,56.91,25.18,0.0245,77.11,Good
2019-01-01,Ndoto,0.1091,29.45,31.06,0.0656,31.33,Poor
2019-02-01,Ndoto,0.119,20.57,30.91,0.0794,27.62,Poor
2019-03-01,Ndoto,0.2003,63.76,30.82,0.0601,44.87,Moderate
2019-04-01,Ndoto,0.2664,84.74,27.87,0.0515,57.26,Moderate
2019-05-01,Ndoto,0.2882,83.97,25.34,0.0593,58.93,Moderate
2019-06-01,Ndoto,0.2231,23.21,26.99,0.0594,42.92,Moderate
2019-07-01,Ndoto,0.1945,26.18,26.13,0.0695,39.85,Poor
2019-08-01,Ndoto,0.179,18.44,27.04,0.0642,37.94,Poor
2019-09-01,Ndoto,0.1937,36.65,27.49,0.0573,43.16,Moderate
2019-10-01,Ndoto,0.2256,63.51,28.34,0.0574,49.16,Moderate
2019-11-01,Ndoto,0.2375,63.96,27.58,0.055,51.22,Moderate
2019-12-01,Ndoto,0.283,72.1,28.73,0.058,54.18,Moderate
2020-01-01,Ndoto,0.1917,7.77,31.26,0.0588,34.85,Poor
2020-02-01,Ndoto,0.1609,17.74,31.55,0.0685,31.98,Poor
2020-03-01,Ndoto,0.2772,93.94,31.02,0.05,57.34,Moderate
2020-04-01,Ndoto,0.3357,103.72,29.18,0.0522,64.05,Good
2020-05-01,Ndoto,0.3736,100.83,25.57,0.0444,70.85,Good
2020-06-01,Ndoto,0.248,20.89,25.87,0.0652,43.88,Moderate
2020-07-01,Ndoto,0.192,21.78,25.53,0.0589,41.77,Moderate
2020-08-01,Ndoto,0.1685,25.01,25.07,0.0744,37.59,Poor
2020-09-01,Ndoto,0.1759,18.08,27.36,0.0723,35.6,Poor
2020-10-01,Ndoto,0.1751,38.88,29.84,0.0619,39.34,Poor
2020-11-01,Ndoto,0.1821,30.92,28.25,0.063,39.52,Poor
2020-12-01,Ndoto,0.1967,55.69,31.02,0.0614,42.81,Moderate
2021-01-01,Ndoto,0.1825,10.14,33.04,0.0687,30.98,Poor
2021-02-01,Ndoto,0.13,6.3,32.75,0.0715,26.27,Poor
2021-03-01,Ndoto,0.1506,21.75,32.69,0.0702,30.63,Poor
2021-04-01,Ndoto,0.1578,30.3,31.18,0.0738,32.98,Poor
2021-05-01,Ndoto,0.1677,36.12,27.97,0.0718,37.64,Poor
2021-06-01,Ndoto,0.171,16.31,26.16,0.0713,36.14,Poor
2021-07-01,Ndoto,0.1401,9.1,27.54,0.0733,31.22,Poor
2021-08-01,Ndoto,0.1143,7.59,29.65,0.0788,26.27,Poor
2021-09-01,Ndoto,0.1269,9.4,31.02,0.0741,27.4,Poor
2021-10-01,Ndoto,0.1487,29.58,31.27,0.0692,33.17,Poor
2021-11-01,Ndoto,0.2224,61.93,30.32,0.0675,44.87,Moderate
2021-12-01,Ndoto,0.2408,58.57,31.31,0.0545,47.69,Moderate
2022-01-01,Ndoto,0.1846,9.26,31.91,0.0546,35.04,Poor
2022-02-01,Ndoto,0.1372,8.66,33.48,0.0678,27.41,Poor
2022-03-01,Ndoto,0.1666,33.6,32.44,0.0755,32.76,Poor
2022-04-01,Ndoto,0.2112,61.09,30.83,0.0684,43.32,Moderate
2022-05-01,Ndoto,0.2546,61.15,29.31,0.0523,51.16,Moderate
2022-06-01,Ndoto,0.1765,14.63,30.09,0.0608,35.43,Poor
2022-07-01,Ndoto,0.1273,2.28,27.54,0.0718,29.52,Poor
2022-08-01,Ndoto,0.107,11.43,28.69,0.0804,26.8,Poor
2022-09-01,Ndoto,0.1388,9.04,29.02,0.0742,29.72,Poor
2022-10-01,Ndoto,0.1366,27.36,31.69,0.0676,31.96,Poor
2022-11-01,Ndoto,0.1706,47.77,29.27,0.0673,39.75,Poor
2022-12-01,Ndoto,0.1917,44.61,31.2,0.0766,37.09,Poor
2023-01-01,Ndoto,0.1543,6.66,30.72,0.0699,30.03,Poor
2023-02-01,Ndoto,0.1381,13.6,32.4,0.0784,26.81,Poor
2023-03-01,Ndoto,0.1311,15.38,33.31,0.0737,26.94,Poor
2023-04-01,Ndoto,0.3063,119.83,28.03,0.0499,66.13,Good
2023-05-01,Ndoto,0.3246,102.42,26.89,0.0574,63.75,Good
2023-06-01,Ndoto,0.2253,25.03,27.24,0.0695,40.92,Moderate
2023-07-01,Ndoto,0.1694,16.66,27.98,0.0657,35.87,Poor
2023-08-01,Ndoto,0.1519,22.02,26.17,0.0667,36.77,Poor
2023-09-01,Ndoto,0.1841,25.8,28.89,0.0659,37.65,Poor
2023-10-01,Ndoto,0.3422,136.69,29.15,0.0494,70.65,Good
2023-11-01,Ndoto,0.4401,140.62,27.54,0.0431,80.86,Very good
2023-12-01,Ndoto,0.4791,212.56,28.78,0.0334,86.31,Very good
2024-01-01,Ndoto,0.2721,14.42,32.67,0.063,39.54,Poor
2024-02-01,Ndoto,0.2059,17.54,30.5,0.0697,35.68,Poor
2024-03-01,Ndoto,0.2974,95.34,30.58,0.0531,58.66,Moderate
2024-04-01,Ndoto,0.3303,86.08,28.62,0.0636,58.67,Moderate
2024-05-01,Ndoto,0.2477,38.45,28.0,0.0574,46.82,Moderate
2024-06-01,Ndoto,0.1955,23.24,28.92,0.0622,38.82,Poor
2024-07-01,Ndoto,0.1831,22.14,27.02,0.065,38.67,Poor
2024-08-01,Ndoto,0.1619,12.99,26.57,0.07,34.91,Poor
2024-09-01,Ndoto,0.1714,31.79,27.74,0.0617,39.62,Poor
2024-10-01,Ndoto,0.2436,85.42,28.56,0.0618,52.94,Moderate
2024-11-01,Ndoto,0.4106,140.55,27.93,0.0492,77.11,Good
2024-12-01,Ndoto,0.4093,113.87,28.09,0.0409,74.28,Good
2025-01-01,Ndoto,0.2668,23.53,30.86,0.0616,42.44,Moderate
2025-02-01,Ndoto,0.2156,26.23,33.62,0.0642,36.52,Poor
2025-03-01,Ndoto,0.251,70.72,29.96,0.0547,51.46,Moderate
2025-04-01,Ndoto,0.3877,186.17,28.76,0.049,76.46,Good
2025-05-01,Ndoto,0.3814,88.5,26.93,0.0436,68.44,Good
2025-06-01,Ndoto,0.2428,18.3,27.53,0.0567,43.63,Moderate
2025-07-01,Ndoto,0.1638,13.06,24.84,0.0673,37.03,Poor
2025-08-01,Ndoto,0.1651,18.74,26.7,0.0667,36.72,Poor
2025-09-01,Ndoto,0.154,22.12,28.17,0.0581,37.24,Poor
2025-10-01,Ndoto,0.2352,77.28,30.43,0.0652,48.74,Moderate
2025-11-01,Ndoto,0.3063,88.93,27.35,0.049,61.71,Good
2025-12-01,Ndoto,0.4083,137.7,29.18,0.0371,78.17,Good
2026-01-01,Ndoto,0.2608,13.08,32.94,0.0574,39.55,Poor
2026-02-01,Ndoto,0.2222,28.08,31.31,0.0628,39.45,Poor
2026-03-01,Ndoto,0.2989,85.77,29.45,0.0484,59.12,Moderate
2026-04-01,Ndoto,0.3824,136.08,28.3,0.0437,75.33,Good
2026-05-01,Ndoto,0.3695,96.98,28.16,0.0357,69.8,Good
2019-01-01,Nyiro,0.0764,26.62,31.96,0.0839,23.8,Poor
2019-02-01,Nyiro,0.1136,25.14,31.83,0.0661,30.21,Poor
2019-03-01,Nyiro,0.1954,69.68,30.78,0.064,44.66,Moderate
2019-04-01,Nyiro,0.2851,95.01,29.28,0.0536,58.67,Moderate
2019-05-01,Nyiro,0.2746,65.05,27.77,0.0615,52.41,Moderate
2019-06-01,Nyiro,0.1774,9.3,26.33,0.0647,36.74,Poor
2019-07-01,Nyiro,0.1802,27.09,26.7,0.0626,40.09,Moderate
2019-08-01,Nyiro,0.1492,13.37,29.36,0.0834,28.87,Poor
2019-09-01,Nyiro,0.1502,32.85,29.28,0.0742,34.3,Poor
2019-10-01,Nyiro,0.3087,114.56,29.6,0.0552,62.98,Good
2019-11-01,Nyiro,0.271,62.21,28.75,0.0488,53.73,Moderate
2019-12-01,Nyiro,0.3125,95.06,27.92,0.0461,63.35,Good
2020-01-01,Nyiro,0.1831,6.49,31.43,0.0668,32.13,Poor
2020-02-01,Nyiro,0.1796,22.4,30.6,0.0671,35.13,Poor
2020-03-01,Nyiro,0.1901,52.16,29.23,0.0616,43.15,Moderate
2020-04-01,Nyiro,0.29,83.9,28.9,0.058,56.51,Moderate
2020-05-01,Nyiro,0.322,107.7,28.22,0.0306,69.34,Good
2020-06-01,Nyiro,0.2234,28.81,28.46,0.0583,42.95,Moderate
2020-07-01,Nyiro,0.1794,29.05,25.87,0.0669,40.07,Moderate
2020-08-01,Nyiro,0.1582,22.71,27.55,0.065,36.59,Poor
2020-09-01,Nyiro,0.154,25.93,28.66,0.0726,34.26,Poor
2020-10-01,Nyiro,0.1523,40.64,28.92,0.0621,38.73,Poor
2020-11-01,Nyiro,0.2242,57.53,28.25,0.0649,46.49,Moderate
2020-12-01,Nyiro,0.2277,53.62,33.07,0.0548,44.48,Moderate
2021-01-01,Nyiro,0.171,18.81,33.67,0.0676,31.38,Poor
2021-02-01,Nyiro,0.1637,16.55,32.87,0.061,32.58,Poor
2021-03-01,Nyiro,0.1527,25.41,31.96,0.0701,31.99,Poor
2021-04-01,Nyiro,0.1924,48.92,29.63,0.06,42.8,Moderate
2021-05-01,Nyiro,0.2132,56.15,29.53,0.0772,41.73,Moderate
2021-06-01,Nyiro,0.1584,8.68,31.1,0.0674,30.9,Poor
2021-07-01,Nyiro,0.1093,8.27,27.32,0.0682,30.24,Poor
2021-08-01,Nyiro,0.1296,13.37,28.11,0.0656,32.46,Poor
2021-09-01,Nyiro,0.127,11.75,31.41,0.0656,29.36,Poor
2021-10-01,Nyiro,0.1346,21.9,30.87,0.0879,27.07,Poor
2021-11-01,Nyiro,0.2039,44.47,30.26,0.0632,41.65,Moderate
2021-12-01,Nyiro,0.1612,28.02,30.1,0.076,33.19,Poor
2022-01-01,Nyiro,0.1092,4.97,32.63,0.0778,23.31,Poor
2022-02-01,Nyiro,0.1271,11.56,31.34,0.0679,28.88,Poor
2022-03-01,Nyiro,0.1539,35.82,31.51,0.0555,37.43,Poor
2022-04-01,Nyiro,0.2035,50.95,29.43,0.0585,44.42,Moderate
2022-05-01,Nyiro,0.171,37.46,28.75,0.0702,37.84,Poor
2022-06-01,Nyiro,0.1125,6.4,29.14,0.0729,27.66,Poor
2022-07-01,Nyiro,0.1266,7.75,27.34,0.0651,32.03,Poor
2022-08-01,Nyiro,0.119,9.2,28.36,0.0752,28.69,Poor
2022-09-01,Nyiro,0.1095,13.49,31.78,0.0682,27.55,Poor
2022-10-01,Nyiro,0.1424,32.88,31.08,0.08,31.02,Poor
2022-11-01,Nyiro,0.1801,56.83,29.04,0.0652,42.58,Moderate
2022-12-01,Nyiro,0.2252,62.84,31.29,0.0607,45.95,Moderate
2023-01-01,Nyiro,0.1683,11.54,33.59,0.0636,30.92,Poor
2023-02-01,Nyiro,0.1267,12.08,32.28,0.0721,27.26,Poor
2023-03-01,Nyiro,0.1402,26.47,33.19,0.0646,31.55,Poor
2023-04-01,Nyiro,0.2817,109.21,28.47,0.0439,63.61,Good
2023-05-01,Nyiro,0.2522,59.62,26.6,0.0572,51.82,Moderate
2023-06-01,Nyiro,0.1914,22.78,27.29,0.0681,38.45,Poor
2023-07-01,Nyiro,0.1468,14.65,25.2,0.0639,36.57,Poor
2023-08-01,Nyiro,0.1189,13.11,25.91,0.0706,32.31,Poor
2023-09-01,Nyiro,0.1163,24.45,27.89,0.0699,32.61,Poor
2023-10-01,Nyiro,0.3389,133.03,27.99,0.0482,71.02,Good
2023-11-01,Nyiro,0.4279,151.42,27.33,0.0367,83.14,Very good
2023-12-01,Nyiro,0.4644,142.97,29.89,0.0332,83.27,Very good
2024-01-01,Nyiro,0.2545,11.98,32.33,0.0595,38.95,Poor
2024-02-01,Nyiro,0.2206,28.18,30.51,0.0612,40.36,Moderate
2024-03-01,Nyiro,0.2653,83.08,31.12,0.0598,52.46,Moderate
2024-04-01,Nyiro,0.3141,100.93,27.76,0.0587,61.78,Good
2024-05-01,Nyiro,0.2635,43.78,27.45,0.0521,50.41,Moderate
2024-06-01,Nyiro,0.2282,43.91,27.82,0.062,45.48,Moderate
2024-07-01,Nyiro,0.1703,21.09,25.35,0.0614,39.74,Poor
2024-08-01,Nyiro,0.1601,22.37,26.42,0.0718,36.07,Poor
2024-09-01,Nyiro,0.1609,35.13,26.57,0.077,36.96,Poor
2024-10-01,Nyiro,0.2237,59.66,28.78,0.0709,45.05,Moderate
2024-11-01,Nyiro,0.3807,132.32,28.88,0.0398,74.97,Good
2024-12-01,Nyiro,0.3839,107.7,27.56,0.0447,71.07,Good
2025-01-01,Nyiro,0.2505,24.43,29.59,0.05,45.05,Moderate
2025-02-01,Nyiro,0.1896,9.67,32.4,0.0645,32.86,Poor
2025-03-01,Nyiro,0.2744,90.31,30.11,0.0592,55.23,Moderate
2025-04-01,Nyiro,0.2913,66.6,27.38,0.0548,55.62,Moderate
2025-05-01,Nyiro,0.2733,70.22,27.19,0.0602,53.92,Moderate
2025-06-01,Nyiro,0.2089,18.88,28.42,0.0612,39.67,Poor
2025-07-01,Nyiro,0.1569,14.48,25.27,0.0703,35.78,Poor
2025-08-01,Nyiro,0.1675,24.68,28.49,0.0734,34.97,Poor
2025-09-01,Nyiro,0.155,18.0,29.43,0.068,33.42,Poor
2025-10-01,Nyiro,0.1793,54.53,28.04,0.078,40.1,Moderate
2025-11-01,Nyiro,0.276,94.7,28.31,0.0559,58.25,Moderate
2025-12-01,Nyiro,0.3004,73.44,30.75,0.0581,53.99,Moderate
2026-01-01,Nyiro,0.2108,33.11,30.69,0.0738,37.55,Poor
2026-02-01,Nyiro,0.1874,18.92,31.27,0.0578,36.64,Poor
2026-03-01,Nyiro,0.2515,96.54,28.76,0.0471,58.44,Moderate
2026-04-01,Nyiro,0.3537,114.13,30.52,0.0498,66.51,Good
2026-05-01,Nyiro,0.3404,78.75,27.19,0.0431,63.85,Good
2019-01-01,Porro,0.03,27.22,31.19,0.0833,21.4,Poor
2019-02-01,Porro,0.03,8.63,31.99,0.0822,17.89,Very poor
2019-03-01,Porro,0.0651,59.26,31.64,0.0762,30.4,Poor
2019-04-01,Porro,0.1239,71.33,29.24,0.0816,37.26,Poor
2019-05-01,Porro,0.1445,63.82,27.79,0.0836,38.15,Poor
2019-06-01,Porro,0.0736,23.31,26.6,0.069,30.64,Poor
2019-07-01,Porro,0.0665,29.25,27.79,0.0722,29.47,Poor
2019-08-01,Porro,0.0608,30.65,27.67,0.0847,26.62,Poor
2019-09-01,Porro,0.0476,21.64,28.86,0.0834,23.55,Poor
2019-10-01,Porro,0.1451,100.93,28.94,0.0709,46.3,Moderate
2019-11-01,Porro,0.227,108.3,28.21,0.0665,54.83,Moderate
2019-12-01,Porro,0.2205,89.95,30.06,0.0647,50.23,Moderate
2020-01-01,Porro,0.0908,19.01,32.59,0.0733,25.4,Poor
2020-02-01,Porro,0.0803,23.24,32.9,0.0781,24.04,Poor
2020-03-01,Porro,0.1202,64.35,31.7,0.0641,37.75,Poor
2020-04-01,Porro,0.204,114.6,27.77,0.0571,56.7,Moderate
2020-05-01,Porro,0.2008,78.98,29.06,0.0588,49.13,Moderate
2020-06-01,Porro,0.0824,23.05,28.8,0.0771,27.67,Poor
2020-07-01,Porro,0.0511,11.13,26.67,0.0936,21.51,Poor
2020-08-01,Porro,0.03,18.64,26.69,0.0855,23.07,Poor
2020-09-01,Porro,0.03,11.2,28.92,0.08,21.28,Poor
2020-10-01,Porro,0.0551,49.95,29.19,0.0803,29.2,Poor
2020-11-01,Porro,0.0393,23.48,29.25,0.0846,22.69,Poor
2020-12-01,Porro,0.0556,31.07,30.44,0.0673,27.99,Poor
2021-01-01,Porro,0.03,7.99,29.98,0.0744,21.13,Poor
2021-02-01,Porro,0.03,8.99,31.75,0.0758,19.58,Very poor
2021-03-01,Porro,0.0441,23.6,33.07,0.0874,19.37,Very poor
2021-04-01,Porro,0.0648,46.95,29.9,0.0823,28.37,Poor
2021-05-01,Porro,0.0411,30.65,28.12,0.0822,25.45,Poor
2021-06-01,Porro,0.03,11.28,29.28,0.0807,20.84,Poor
2021-07-01,Porro,0.03,15.98,29.06,0.0691,24.39,Poor
2021-08-01,Porro,0.03,6.56,28.15,0.0832,20.41,Poor
2021-09-01,Porro,0.03,12.07,30.63,0.0846,19.02,Very poor
2021-10-01,Porro,0.0552,47.63,30.02,0.081,28.01,Poor
2021-11-01,Porro,0.1381,83.78,30.58,0.0674,42.4,Moderate
2021-12-01,Porro,0.1044,37.71,29.88,0.0805,30.02,Poor
2022-01-01,Porro,0.0486,1.96,33.62,0.0797,17.34,Very poor
2022-02-01,Porro,0.03,9.7,34.89,0.0785,16.59,Very poor
2022-03-01,Porro,0.0566,53.73,33.27,0.0786,27.06,Poor
2022-04-01,Porro,0.1394,82.01,30.55,0.0702,41.61,Moderate
2022-05-01,Porro,0.1275,52.26,29.4,0.0674,37.37,Poor
2022-06-01,Porro,0.0546,9.48,27.39,0.0855,22.71,Poor
2022-07-01,Porro,0.0322,5.81,27.31,0.0777,22.33,Poor
2022-08-01,Porro,0.03,6.93,30.69,0.0862,17.76,Very poor
2022-09-01,Porro,0.03,11.76,29.66,0.0867,19.29,Very poor
2022-10-01,Porro,0.0333,30.05,30.78,0.0782,23.56,Poor
2022-11-01,Porro,0.0866,55.15,30.55,0.0798,31.31,Poor
2022-12-01,Porro,0.0954,49.63,30.54,0.063,34.75,Poor
2023-01-01,Porro,0.0462,12.35,31.85,0.0716,22.12,Poor
2023-02-01,Porro,0.03,9.21,33.89,0.0787,17.25,Very poor
2023-03-01,Porro,0.03,17.02,31.4,0.0782,20.67,Poor
2023-04-01,Porro,0.1229,82.02,29.96,0.0668,41.69,Moderate
2023-05-01,Porro,0.192,102.16,27.81,0.0742,49.95,Moderate
2023-06-01,Porro,0.0943,18.7,29.33,0.0686,29.22,Poor
2023-07-01,Porro,0.0912,30.06,26.95,0.0593,34.87,Poor
2023-08-01,Porro,0.0607,31.72,26.23,0.0761,29.86,Poor
2023-09-01,Porro,0.0593,29.45,27.74,0.0821,26.85,Poor
2023-10-01,Porro,0.2534,161.48,27.28,0.0515,67.7,Good
2023-11-01,Porro,0.3332,207.09,25.03,0.0458,76.34,Good
2023-12-01,Porro,0.3712,171.68,30.02,0.0456,75.04,Good
2024-01-01,Porro,0.1738,26.75,33.21,0.0711,32.48,Poor
2024-02-01,Porro,0.08,8.04,31.53,0.0764,22.95,Poor
2024-03-01,Porro,0.1135,66.04,31.47,0.0777,34.74,Poor
2024-04-01,Porro,0.1915,107.67,28.95,0.0632,52.36,Moderate
2024-05-01,Porro,0.202,74.84,28.14,0.0613,48.7,Moderate
2024-06-01,Porro,0.1004,22.51,26.21,0.0759,31.16,Poor
2024-07-01,Porro,0.0796,22.21,27.44,0.0794,27.91,Poor
2024-08-01,Porro,0.03,18.04,26.02,0.0777,25.24,Poor
2024-09-01,Porro,0.0485,17.64,30.37,0.0724,24.16,Poor
2024-10-01,Porro,0.1102,76.58,28.08,0.0757,39.41,Poor
2024-11-01,Porro,0.1252,68.44,28.47,0.066,40.96,Moderate
2024-12-01,Porro,0.1813,90.65,28.82,0.0673,48.0,Moderate
2025-01-01,Porro,0.0798,18.92,29.5,0.0789,25.83,Poor
2025-02-01,Porro,0.0682,22.21,31.04,0.0824,23.55,Poor
2025-03-01,Porro,0.1285,73.52,30.01,0.0683,40.28,Moderate
2025-04-01,Porro,0.2922,168.82,29.23,0.0502,69.13,Good
2025-05-01,Porro,0.3059,119.32,28.75,0.0458,66.34,Good
2025-06-01,Porro,0.1565,28.79,25.89,0.0708,37.53,Poor
2025-07-01,Porro,0.0725,9.93,26.52,0.0836,25.16,Poor
2025-08-01,Porro,0.0834,34.36,28.04,0.0827,28.97,Poor
2025-09-01,Porro,0.0438,22.24,28.34,0.0858,23.25,Poor
2025-10-01,Porro,0.0924,70.88,29.19,0.0624,39.27,Poor
2025-11-01,Porro,0.2695,145.32,26.75,0.0555,67.58,Good
2025-12-01,Porro,0.2282,69.32,28.33,0.0533,51.25,Moderate
2026-01-01,Porro,0.0893,16.94,32.08,0.0685,26.4,Poor
2026-02-01,Porro,0.0593,29.72,30.8,0.0773,25.52,Poor
2026-03-01,Porro,0.1444,93.09,31.29,0.0577,45.99,Moderate
2026-04-01,Porro,0.1734,74.54,28.49,0.0708,44.25,Moderate
2026-05-01,Porro,0.1793,80.41,25.14,0.0652,49.59,Moderate
2019-01-01,Suguta Marmar,0.03,12.86,31.68,0.0781,19.75,Very poor
2019-02-01,Suguta Marmar,0.0563,29.45,31.7,0.0843,22.99,Poor
2019-03-01,Suguta Marmar,0.1737,78.9,29.99,0.0652,45.05,Moderate
2019-04-01,Suguta Marmar,0.3204,148.53,27.38,0.0554,71.19,Good
2019-05-01,Suguta Marmar,0.334,117.37,27.49,0.0501,68.04,Good
2019-06-01,Suguta Marmar,0.2043,33.83,29.02,0.0561,42.48,Moderate
2019-07-01,Suguta Marmar,0.1263,10.98,26.15,0.0685,32.75,Poor
2019-08-01,Suguta Marmar,0.0952,13.78,26.8,0.0744,29.21,Poor
2019-09-01,Suguta Marmar,0.1153,38.6,28.3,0.0625,36.2,Poor
2019-10-01,Suguta Marmar,0.1894,77.55,29.53,0.0701,45.21,Moderate
2019-11-01,Suguta Marmar,0.3254,143.71,27.83,0.0556,70.33,Good
2019-12-01,Suguta Marmar,0.2454,74.33,30.79,0.0519,51.62,Moderate
2020-01-01,Suguta Marmar,0.1482,19.71,33.52,0.0648,30.66,Poor
2020-02-01,Suguta Marmar,0.1142,17.55,29.41,0.0679,30.54,Poor
2020-03-01,Suguta Marmar,0.2289,100.3,30.98,0.065,51.74,Moderate
2020-04-01,Suguta Marmar,0.3365,142.71,29.43,0.0546,69.89,Good
2020-05-01,Suguta Marmar,0.2688,79.75,27.63,0.0564,55.69,Moderate
2020-06-01,Suguta Marmar,0.1756,23.72,28.63,0.0593,38.4,Poor
2020-07-01,Suguta Marmar,0.1318,23.41,26.07,0.0746,33.91,Poor
2020-08-01,Suguta Marmar,0.0771,22.57,26.02,0.0726,30.42,Poor
2020-09-01,Suguta Marmar,0.1237,39.26,27.4,0.0638,37.33,Poor
2020-10-01,Suguta Marmar,0.1049,35.29,30.46,0.0674,32.11,Poor
2020-11-01,Suguta Marmar,0.0804,29.02,29.27,0.0837,26.67,Poor
2020-12-01,Suguta Marmar,0.1305,35.76,30.81,0.0744,32.13,Poor
2021-01-01,Suguta Marmar,0.0562,8.49,30.48,0.072,23.19,Poor
2021-02-01,Suguta Marmar,0.0511,7.75,33.25,0.0812,18.45,Very poor
2021-03-01,Suguta Marmar,0.0927,38.98,32.91,0.0666,30.09,Poor
2021-04-01,Suguta Marmar,0.1926,84.59,30.24,0.0667,46.78,Moderate
2021-05-01,Suguta Marmar,0.1542,51.45,30.24,0.0652,38.91,Poor
2021-06-01,Suguta Marmar,0.1103,11.18,30.38,0.0815,25.39,Poor
2021-07-01,Suguta Marmar,0.0792,11.19,29.71,0.0752,25.15,Poor
2021-08-01,Suguta Marmar,0.03,0.17,28.59,0.0771,20.35,Poor
2021-09-01,Suguta Marmar,0.035,12.58,29.42,0.0759,22.37,Poor
2021-10-01,Suguta Marmar,0.1278,59.74,30.67,0.0704,36.94,Poor
2021-11-01,Suguta Marmar,0.1805,66.04,29.07,0.0603,45.21,Moderate
2021-12-01,Suguta Marmar,0.1377,32.8,31.6,0.0674,33.08,Poor
2022-01-01,Suguta Marmar,0.1115,13.07,31.56,0.0776,25.71,Poor
2022-02-01,Suguta Marmar,0.0591,7.3,35.15,0.0815,17.34,Very poor
2022-03-01,Suguta Marmar,0.0973,36.77,32.48,0.0796,27.48,Poor
2022-04-01,Suguta Marmar,0.1593,62.17,30.19,0.0644,41.28,Moderate
2022-05-01,Suguta Marmar,0.1786,60.02,29.02,0.0644,43.19,Moderate
2022-06-01,Suguta Marmar,0.1431,22.97,29.35,0.0623,34.74,Poor
2022-07-01,Suguta Marmar,0.0662,9.85,29.43,0.0726,24.83,Poor
2022-08-01,Suguta Marmar,0.0679,13.82,26.52,0.0699,28.54,Poor
2022-09-01,Suguta Marmar,0.0637,4.85,29.7,0.0777,22.46,Poor
2022-10-01,Suguta Marmar,0.0979,35.94,29.84,0.0833,28.68,Poor
2022-11-01,Suguta Marmar,0.1681,82.2,26.58,0.0657,47.82,Moderate
2022-12-01,Suguta Marmar,0.1595,43.82,29.38,0.0721,37.16,Poor
2023-01-01,Suguta Marmar,0.0958,19.09,32.89,0.0801,24.0,Poor
2023-02-01,Suguta Marmar,0.0615,15.06,33.16,0.0731,22.27,Poor
2023-03-01,Suguta Marmar,0.132,47.11,30.56,0.0716,34.96,Poor
2023-04-01,Suguta Marmar,0.2488,105.64,26.92,0.0606,58.24,Moderate
2023-05-01,Suguta Marmar,0.3403,117.41,28.44,0.0451,68.83,Good
2023-06-01,Suguta Marmar,0.1935,26.08,26.9,0.0659,39.94,Poor
2023-07-01,Suguta Marmar,0.1172,22.55,26.06,0.0773,32.17,Poor
2023-08-01,Suguta Marmar,0.1093,26.06,27.94,0.0662,33.15,Poor
2023-09-01,Suguta Marmar,0.1285,39.81,29.07,0.0784,33.17,Poor
2023-10-01,Suguta Marmar,0.2887,143.77,29.36,0.0578,66.06,Good
2023-11-01,Suguta Marmar,0.3201,113.55,26.91,0.0466,67.66,Good
2023-12-01,Suguta Marmar,0.3347,98.77,27.41,0.0446,66.27,Good
2024-01-01,Suguta Marmar,0.1642,16.45,31.59,0.0726,31.05,Poor
2024-02-01,Suguta Marmar,0.1244,26.05,33.5,0.071,28.7,Poor
2024-03-01,Suguta Marmar,0.1441,49.3,29.73,0.054,40.74,Moderate
2024-04-01,Suguta Marmar,0.2586,119.89,27.92,0.0568,61.35,Good
2024-05-01,Suguta Marmar,0.318,112.6,28.85,0.0475,65.61,Good
2024-06-01,Suguta Marmar,0.2029,36.71,25.81,0.0575,45.12,Moderate
2024-07-01,Suguta Marmar,0.1258,23.53,26.56,0.0685,34.47,Poor
2024-08-01,Suguta Marmar,0.1277,26.37,27.28,0.0705,34.08,Poor
2024-09-01,Suguta Marmar,0.109,29.99,29.11,0.0727,31.41,Poor
2024-10-01,Suguta Marmar,0.1983,86.1,29.99,0.051,51.12,Moderate
2024-11-01,Suguta Marmar,0.317,128.52,26.29,0.0505,69.58,Good
2024-12-01,Suguta Marmar,0.3371,126.31,30.49,0.0425,69.03,Good
2025-01-01,Suguta Marmar,0.2111,18.07,31.16,0.0699,35.54,Poor
2025-02-01,Suguta Marmar,0.1345,26.08,32.79,0.0774,28.56,Poor
2025-03-01,Suguta Marmar,0.2424,102.67,32.91,0.057,53.3,Moderate
2025-04-01,Suguta Marmar,0.3189,123.83,29.61,0.0453,67.43,Good
2025-05-01,Suguta Marmar,0.3536,124.02,27.33,0.0429,72.24,Good
2025-06-01,Suguta Marmar,0.229,44.74,27.0,0.0675,45.12,Moderate
2025-07-01,Suguta Marmar,0.1557,20.9,23.77,0.0769,36.5,Poor
2025-08-01,Suguta Marmar,0.0946,18.76,25.16,0.0728,31.65,Poor
2025-09-01,Suguta Marmar,0.0699,15.72,27.7,0.0748,26.95,Poor
2025-10-01,Suguta Marmar,0.1647,78.05,30.09,0.0652,44.19,Moderate
2025-11-01,Suguta Marmar,0.204,79.76,27.53,0.0637,49.63,Moderate
2025-12-01,Suguta Marmar,0.2651,94.82,28.58,0.0527,58.01,Moderate
2026-01-01,Suguta Marmar,0.1734,32.31,30.35,0.064,37.24,Poor
2026-02-01,Suguta Marmar,0.131,21.22,32.38,0.068,29.91,Poor
2026-03-01,Suguta Marmar,0.1658,59.77,30.24,0.057,42.94,Moderate
2026-04-01,Suguta Marmar,0.2446,101.5,27.59,0.0483,59.45,Moderate
2026-05-01,Suguta Marmar,0.2362,84.07,26.98,0.0624,53.32,Moderate
2019-01-01,Wamba East,0.0936,35.99,31.54,0.0706,29.87,Poor
2019-02-01,Wamba East,0.0915,24.39,30.58,0.0724,28.15,Poor
2019-03-01,Wamba East,0.226,103.43,28.96,0.0657,53.51,Moderate
2019-04-01,Wamba East,0.3606,136.57,28.03,0.0418,74.52,Good
2019-05-01,Wamba East,0.2633,53.17,26.68,0.0638,49.98,Moderate
2019-06-01,Wamba East,0.1792,18.93,26.83,0.0774,35.26,Poor
2019-07-01,Wamba East,0.1346,15.0,27.74,0.066,33.27,Poor
2019-08-01,Wamba East,0.1127,18.47,26.67,0.0618,34.13,Poor
2019-09-01,Wamba East,0.0931,22.82,27.64,0.0641,32.19,Poor
2019-10-01,Wamba East,0.2129,89.76,26.86,0.053,54.82,Moderate
2019-11-01,Wamba East,0.2453,88.01,25.89,0.065,54.91,Moderate
2019-12-01,Wamba East,0.2255,59.54,30.08,0.0642,45.61,Moderate
2020-01-01,Wamba East,0.125,19.05,32.13,0.0685,29.21,Poor
2020-02-01,Wamba East,0.1158,19.36,31.18,0.0667,29.79,Poor
2020-03-01,Wamba East,0.1992,83.37,31.37,0.0608,47.44,Moderate
2020-04-01,Wamba East,0.2926,103.17,29.17,0.0532,60.74,Good
2020-05-01,Wamba East,0.2902,83.03,27.96,0.0558,57.61,Moderate
2020-06-01,Wamba East,0.1788,32.53,26.1,0.0629,41.29,Moderate
2020-07-01,Wamba East,0.1439,24.76,26.82,0.0665,36.19,Poor
2020-08-01,Wamba East,0.1518,30.6,25.32,0.0661,39.01,Poor
2020-09-01,Wamba East,0.117,27.05,26.73,0.0688,34.25,Poor
2020-10-01,Wamba East,0.1724,45.03,30.37,0.0703,37.87,Poor
2020-11-01,Wamba East,0.1648,40.71,28.9,0.0617,39.72,Poor
2020-12-01,Wamba East,0.1273,23.6,31.95,0.0685,30.27,Poor
2021-01-01,Wamba East,0.0971,4.84,33.42,0.0722,23.06,Poor
2021-02-01,Wamba East,0.0719,9.92,32.7,0.077,21.64,Poor
2021-03-01,Wamba East,0.0858,22.51,31.87,0.0721,26.47,Poor
2021-04-01,Wamba East,0.1361,35.97,31.53,0.066,33.87,Poor
2021-05-01,Wamba East,0.1336,30.84,28.22,0.0723,34.07,Poor
2021-06-01,Wamba East,0.079,5.47,26.95,0.0811,25.08,Poor
2021-07-01,Wamba East,0.0455,3.41,27.46,0.0746,23.44,Poor
2021-08-01,Wamba East,0.0736,13.58,30.06,0.0903,21.53,Poor
2021-09-01,Wamba East,0.061,18.29,28.95,0.0793,24.75,Poor
2021-10-01,Wamba East,0.1193,37.33,28.38,0.0783,32.68,Poor
2021-11-01,Wamba East,0.1721,70.52,26.61,0.0621,46.93,Moderate
2021-12-01,Wamba East,0.1571,33.87,31.48,0.0624,35.81,Poor
2022-01-01,Wamba East,0.1234,17.63,32.49,0.0705,28.13,Poor
2022-02-01,Wamba East,0.0809,8.2,34.56,0.0711,21.81,Poor
2022-03-01,Wamba East,0.1157,42.27,34.35,0.0682,30.73,Poor
2022-04-01,Wamba East,0.1954,74.82,29.06,0.0613,47.5,Moderate
2022-05-01,Wamba East,0.1606,30.21,31.34,0.066,34.74,Poor
2022-06-01,Wamba East,0.0967,0.81,27.54,0.0763,26.13,Poor
2022-07-01,Wamba East,0.0758,9.04,28.63,0.0794,24.49,Poor
2022-08-01,Wamba East,0.0614,4.64,27.65,0.0859,22.09,Poor
2022-09-01,Wamba East,0.0738,12.14,31.7,0.0773,22.87,Poor
2022-10-01,Wamba East,0.1088,38.9,30.32,0.0742,31.58,Poor
2022-11-01,Wamba East,0.1555,38.77,29.37,0.0662,37.37,Poor
2022-12-01,Wamba East,0.1295,30.32,32.69,0.058,33.31,Poor
2023-01-01,Wamba East,0.0719,3.44,31.63,0.0788,21.02,Poor
2023-02-01,Wamba East,0.0574,2.74,32.43,0.0798,19.03,Very poor
2023-03-01,Wamba East,0.0733,25.88,31.05,0.0729,26.63,Poor
2023-04-01,Wamba East,0.2047,95.27,27.71,0.0672,51.31,Moderate
2023-05-01,Wamba East,0.2795,103.06,25.86,0.0572,61.56,Good
2023-06-01,Wamba East,0.2256,45.8,26.59,0.0673,45.43,Moderate
2023-07-01,Wamba East,0.1624,21.12,27.0,0.065,37.06,Poor
2023-08-01,Wamba East,0.1166,16.25,26.14,0.0872,28.81,Poor
2023-09-01,Wamba East,0.0897,23.43,28.34,0.083,27.29,Poor
2023-10-01,Wamba East,0.245,109.0,27.54,0.0595,58.29,Moderate
2023-11-01,Wamba East,0.3612,197.0,28.13,0.0454,75.93,Good
2023-12-01,Wamba East,0.4305,173.28,27.49,0.0372,83.09,Very good
2024-01-01,Wamba East,0.2483,20.38,30.24,0.0577,41.97,Moderate
2024-02-01,Wamba East,0.1891,29.15,32.37,0.0514,39.01,Poor
2024-03-01,Wamba East,0.1859,58.69,28.26,0.0539,46.43,Moderate
2024-04-01,Wamba East,0.2745,110.11,27.77,0.0535,61.68,Good
2024-05-01,Wamba East,0.3215,119.67,29.05,0.045,67.42,Good
2024-06-01,Wamba East,0.2074,18.6,27.87,0.0543,41.49,Moderate
2024-07-01,Wamba East,0.1453,24.92,28.81,0.0647,35.13,Poor
2024-08-01,Wamba East,0.113,15.19,25.76,0.0782,30.69,Poor
2024-09-01,Wamba East,0.1013,23.22,28.81,0.0778,28.86,Poor
2024-10-01,Wamba East,0.2103,90.88,26.86,0.0747,50.0,Moderate
2024-11-01,Wamba East,0.3687,166.44,27.19,0.0426,77.82,Good
2024-12-01,Wamba East,0.3159,85.12,29.01,0.0563,58.8,Moderate
2025-01-01,Wamba East,0.1587,13.27,32.05,0.0691,30.54,Poor
2025-02-01,Wamba East,0.1248,15.82,31.59,0.074,27.89,Poor
2025-03-01,Wamba East,0.1837,77.02,31.77,0.0653,43.99,Moderate
2025-04-01,Wamba East,0.2934,106.94,28.44,0.0493,62.89,Good
2025-05-01,Wamba East,0.3145,106.8,26.46,0.0503,65.68,Good
2025-06-01,Wamba East,0.1765,9.51,27.5,0.068,35.05,Poor
2025-07-01,Wamba East,0.1611,34.35,25.89,0.0535,42.62,Moderate
2025-08-01,Wamba East,0.1188,23.87,27.56,0.0705,32.8,Poor
2025-09-01,Wamba East,0.1385,35.89,27.76,0.0649,37.27,Poor
2025-10-01,Wamba East,0.1698,57.26,29.84,0.0695,40.32,Moderate
2025-11-01,Wamba East,0.31,128.13,27.93,0.048,68.27,Good
2025-12-01,Wamba East,0.284,79.31,29.99,0.0611,53.77,Moderate
2026-01-01,Wamba East,0.173,20.17,32.12,0.0725,31.88,Poor
2026-02-01,Wamba East,0.141,19.14,32.12,0.0603,32.19,Poor
2026-03-01,Wamba East,0.1841,80.75,30.07,0.0804,42.63,Moderate
2026-04-01,Wamba East,0.3237,125.5,27.7,0.0439,69.89,Good
2026-05-01,Wamba East,0.311,92.02,27.09,0.0482,62.95,Good
2019-01-01,Wamba North,0.03,23.67,30.92,0.0788,22.03,Poor
2019-02-01,Wamba North,0.03,22.48,33.78,0.0754,20.28,Poor
2019-03-01,Wamba North,0.1379,106.17,30.9,0.0649,46.42,Moderate
2019-04-01,Wamba North,0.2366,131.03,30.52,0.0592,59.05,Moderate
2019-05-01,Wamba North,0.1953,76.95,26.69,0.0717,47.43,Moderate
2019-06-01,Wamba North,0.0896,25.34,24.46,0.0728,32.97,Poor
2019-07-01,Wamba North,0.03,12.6,27.9,0.0901,20.08,Poor
2019-08-01,Wamba North,0.03,6.77,29.37,0.0805,20.06,Poor
2019-09-01,Wamba North,0.03,20.98,28.1,0.0794,23.68,Poor
2019-10-01,Wamba North,0.1233,101.24,28.6,0.0633,46.78,Moderate
2019-11-01,Wamba North,0.1458,70.32,27.23,0.0666,43.58,Moderate
2019-12-01,Wamba North,0.1494,71.63,29.98,0.0634,42.54,Moderate
2020-01-01,Wamba North,0.03,12.0,32.61,0.0918,15.83,Very poor
2020-02-01,Wamba North,0.03,18.17,29.98,0.0793,21.75,Poor
2020-03-01,Wamba North,0.0513,45.55,30.24,0.0772,28.05,Poor
2020-04-01,Wamba North,0.2386,195.49,28.2,0.0652,62.88,Good
2020-05-01,Wamba North,0.2167,98.82,26.49,0.0601,55.32,Moderate
2020-06-01,Wamba North,0.1206,19.36,26.31,0.0715,32.96,Poor
2020-07-01,Wamba North,0.03,10.11,26.03,0.082,22.95,Poor
2020-08-01,Wamba North,0.03,24.65,27.75,0.088,22.68,Poor
2020-09-01,Wamba North,0.03,40.18,27.81,0.0829,26.34,Poor
2020-10-01,Wamba North,0.03,31.1,30.81,0.0836,22.27,Poor
2020-11-01,Wamba North,0.0613,62.19,29.6,0.0773,32.02,Poor
2020-12-01,Wamba North,0.0616,35.52,32.5,0.0861,23.31,Poor
2021-01-01,Wamba North,0.03,7.64,32.03,0.0921,15.5,Very poor
2021-02-01,Wamba North,0.03,4.87,31.94,0.0793,17.97,Very poor
2021-03-01,Wamba North,0.03,27.21,33.21,0.0924,17.76,Very poor
2021-04-01,Wamba North,0.03,45.35,30.71,0.08,25.52,Poor
2021-05-01,Wamba North,0.0478,46.78,27.56,0.0856,28.31,Poor
2021-06-01,Wamba North,0.03,4.83,27.13,0.0851,20.52,Poor
2021-07-01,Wamba North,0.03,14.37,27.89,0.0751,23.72,Poor
2021-08-01,Wamba North,0.03,9.5,28.1,0.09,19.43,Very poor
2021-09-01,Wamba North,0.03,15.87,31.96,0.0823,19.1,Very poor
2021-10-01,Wamba North,0.03,31.85,30.24,0.0795,23.77,Poor
2021-11-01,Wamba North,0.0484,54.08,27.98,0.0854,29.25,Poor
2021-12-01,Wamba North,0.0865,60.08,32.26,0.0715,32.59,Poor
2022-01-01,Wamba North,0.03,7.6,33.02,0.0815,17.06,Very poor
2022-02-01,Wamba North,0.03,9.62,32.95,0.0852,16.63,Very poor
2022-03-01,Wamba North,0.0489,49.61,31.44,0.0803,26.92,Poor
2022-04-01,Wamba North,0.068,54.93,30.8,0.0783,30.1,Poor
2022-05-01,Wamba North,0.03,21.85,27.4,0.0847,23.22,Poor
2022-06-01,Wamba North,0.03,12.07,29.23,0.0863,19.78,Very poor
2022-07-01,Wamba North,0.03,9.84,26.91,0.0824,22.11,Poor
2022-08-01,Wamba North,0.03,11.4,27.77,0.084,21.34,Poor
2022-09-01,Wamba North,0.03,8.86,30.51,0.0796,19.7,Very poor
2022-10-01,Wamba North,0.03,23.46,30.12,0.0859,21.05,Poor
2022-11-01,Wamba North,0.03,51.42,27.38,0.0751,30.3,Poor
2022-12-01,Wamba North,0.03,21.69,29.63,0.075,23.56,Poor
2023-01-01,Wamba North,0.03,8.38,33.22,0.0889,15.39,Very poor
2023-02-01,Wamba North,0.03,12.76,33.79,0.0847,16.59,Very poor
2023-03-01,Wamba North,0.03,29.68,32.4,0.0844,20.6,Poor
2023-04-01,Wamba North,0.1639,127.43,29.29,0.0733,51.21,Moderate
2023-05-01,Wamba North,0.2218,99.18,27.14,0.0411,59.42,Moderate
2023-06-01,Wamba North,0.0863,16.11,29.18,0.0655,29.06,Poor
2023-07-01,Wamba North,0.031,9.23,24.67,0.0702,26.59,Poor
2023-08-01,Wamba North,0.03,29.48,26.46,0.0824,25.75,Poor
2023-09-01,Wamba North,0.0405,37.1,29.47,0.0877,24.18,Poor
2023-10-01,Wamba North,0.1891,143.49,28.6,0.0671,57.58,Moderate
2023-11-01,Wamba North,0.2945,156.64,28.46,0.058,68.19,Good
2023-12-01,Wamba North,0.3287,174.56,27.42,0.0517,72.79,Good
2024-01-01,Wamba North,0.1413,15.83,32.39,0.0692,29.47,Poor
2024-02-01,Wamba North,0.0762,27.21,31.86,0.0774,25.4,Poor
2024-03-01,Wamba North,0.1333,83.43,30.82,0.0616,43.11,Moderate
2024-04-01,Wamba North,0.1903,104.73,26.22,0.0714,52.16,Moderate
2024-05-01,Wamba North,0.1907,86.11,26.92,0.0593,51.21,Moderate
2024-06-01,Wamba North,0.0853,25.32,25.25,0.0743,31.71,Poor
2024-07-01,Wamba North,0.0393,18.44,27.05,0.081,24.41,Poor
2024-08-01,Wamba North,0.03,12.93,27.87,0.0809,22.21,Poor
2024-09-01,Wamba North,0.03,29.1,26.73,0.0877,24.31,Poor
2024-10-01,Wamba North,0.0635,51.89,28.78,0.0785,30.85,Poor
2024-11-01,Wamba North,0.1917,119.09,29.01,0.058,55.4,Moderate
2024-12-01,Wamba North,0.176,90.17,26.97,0.064,49.77,Moderate
2025-01-01,Wamba North,0.0943,17.46,29.13,0.0817,26.27,Poor
2025-02-01,Wamba North,0.03,21.11,31.57,0.0869,19.28,Very poor
2025-03-01,Wamba North,0.0418,34.18,31.44,0.0897,21.76,Poor
2025-04-01,Wamba North,0.1972,123.95,26.49,0.0552,59.22,Moderate
2025-05-01,Wamba North,0.165,70.55,26.43,0.0662,45.67,Moderate
2025-06-01,Wamba North,0.1041,36.13,26.78,0.068,35.01,Poor
2025-07-01,Wamba North,0.0398,23.49,26.62,0.0851,24.71,Poor
2025-08-01,Wamba North,0.03,11.22,26.64,0.0843,22.14,Poor
2025-09-01,Wamba North,0.03,24.47,26.98,0.089,23.04,Poor
2025-10-01,Wamba North,0.1535,100.91,29.74,0.0691,46.65,Moderate
2025-11-01,Wamba North,0.2144,116.13,26.49,0.055,59.18,Moderate
2025-12-01,Wamba North,0.1277,53.62,31.24,0.0687,35.83,Poor
2026-01-01,Wamba North,0.0545,13.19,32.14,0.0691,23.16,Poor
2026-02-01,Wamba North,0.03,29.18,32.21,0.0765,22.41,Poor
2026-03-01,Wamba North,0.0475,46.7,30.02,0.071,29.54,Poor
2026-04-01,Wamba North,0.202,128.05,28.41,0.0741,54.51,Moderate
2026-05-01,Wamba North,0.2196,91.41,27.23,0.0632,53.01,Moderate
2019-01-01,Wamba West,0.074,22.35,33.35,0.0807,22.52,Poor
2019-02-01,Wamba West,0.1364,30.57,30.38,0.0656,33.98,Poor
2019-03-01,Wamba West,0.1989,63.62,30.85,0.0482,47.36,Moderate
2019-04-01,Wamba West,0.3615,144.45,29.03,0.0469,73.95,Good
2019-05-01,Wamba West,0.3897,121.73,27.55,0.0392,75.04,Good
2019-06-01,Wamba West,0.2777,28.15,26.34,0.0432,51.68,Moderate
2019-07-01,Wamba West,0.1869,21.15,29.38,0.0657,36.73,Poor
2019-08-01,Wamba West,0.131,16.68,26.58,0.0674,33.94,Poor
2019-09-01,Wamba West,0.1545,26.34,27.69,0.0752,34.58,Poor
2019-10-01,Wamba West,0.2145,60.42,29.19,0.0521,48.37,Moderate
2019-11-01,Wamba West,0.3436,140.65,28.44,0.0425,73.53,Good
2019-12-01,Wamba West,0.3619,92.36,29.65,0.054,63.23,Good
2020-01-01,Wamba West,0.2603,21.46,30.72,0.0644,41.14,Moderate
2020-02-01,Wamba West,0.1676,8.72,31.21,0.0676,31.42,Poor
2020-03-01,Wamba West,0.2048,53.69,30.78,0.0713,41.03,Moderate
2020-04-01,Wamba West,0.3323,107.83,28.46,0.0497,65.64,Good
2020-05-01,Wamba West,0.2548,47.45,27.52,0.053,50.19,Moderate
2020-06-01,Wamba West,0.205,28.41,25.82,0.0755,39.87,Poor
2020-07-01,Wamba West,0.2125,34.64,25.22,0.058,45.8,Moderate
2020-08-01,Wamba West,0.1743,35.1,26.01,0.0671,40.54,Moderate
2020-09-01,Wamba West,0.1929,36.72,29.81,0.0599,40.7,Moderate
2020-10-01,Wamba West,0.1629,28.27,29.91,0.0614,36.77,Poor
2020-11-01,Wamba West,0.2059,52.92,28.11,0.0556,46.61,Moderate
2020-12-01,Wamba West,0.2165,47.2,31.3,0.0561,43.72,Moderate
2021-01-01,Wamba West,0.1405,6.76,32.35,0.0655,28.74,Poor
2021-02-01,Wamba West,0.1305,12.36,31.24,0.069,29.09,Poor
2021-03-01,Wamba West,0.1541,38.24,31.6,0.0715,34.22,Poor
2021-04-01,Wamba West,0.2274,70.03,29.96,0.051,50.5,Moderate
2021-05-01,Wamba West,0.1873,36.34,30.13,0.064,39.06,Poor
2021-06-01,Wamba West,0.146,17.25,27.14,0.0625,35.72,Poor
2021-07-01,Wamba West,0.1364,14.64,28.46,0.0675,32.45,Poor
2021-08-01,Wamba West,0.1206,12.97,31.11,0.0839,25.3,Poor
2021-09-01,Wamba West,0.1044,11.43,29.41,0.0726,27.78,Poor
2021-10-01,Wamba West,0.1242,12.22,32.35,0.0711,27.27,Poor
2021-11-01,Wamba West,0.1418,27.32,28.28,0.0725,33.96,Poor
2021-12-01,Wamba West,0.1662,38.18,29.47,0.0608,39.13,Poor
2022-01-01,Wamba West,0.1426,7.35,32.49,0.0754,26.68,Poor
2022-02-01,Wamba West,0.135,16.26,32.46,0.0679,29.32,Poor
2022-03-01,Wamba West,0.1358,21.4,31.54,0.072,30.06,Poor
2022-04-01,Wamba West,0.188,35.17,29.77,0.0682,38.27,Poor
2022-05-01,Wamba West,0.1533,26.5,29.09,0.0812,32.06,Poor
2022-06-01,Wamba West,0.1079,11.79,26.14,0.0679,31.74,Poor
2022-07-01,Wamba West,0.1013,11.77,27.82,0.0647,30.64,Poor
2022-08-01,Wamba West,0.1142,9.57,27.69,0.0746,29.09,Poor
2022-09-01,Wamba West,0.1287,14.94,31.06,0.0701,29.3,Poor
2022-10-01,Wamba West,0.1713,54.54,33.75,0.0595,39.08,Poor
2022-11-01,Wamba West,0.2254,71.67,30.26,0.0542,49.69,Moderate
2022-12-01,Wamba West,0.2038,26.69,32.4,0.0611,37.44,Poor
2023-01-01,Wamba West,0.1357,9.98,33.21,0.0731,26.57,Poor
2023-02-01,Wamba West,0.1039,5.84,32.74,0.0848,21.44,Poor
2023-03-01,Wamba West,0.1623,36.79,31.91,0.0761,33.29,Poor
2023-04-01,Wamba West,0.2349,69.05,28.11,0.0623,49.83,Moderate
2023-05-01,Wamba West,0.2471,67.08,27.06,0.0554,52.74,Moderate
2023-06-01,Wamba West,0.1989,34.07,27.23,0.063,42.04,Moderate
2023-07-01,Wamba West,0.173,23.18,26.65,0.0655,38.32,Poor
2023-08-01,Wamba West,0.1378,11.94,28.74,0.0666,32.07,Poor
2023-09-01,Wamba West,0.1301,19.99,29.98,0.0663,31.95,Poor
2023-10-01,Wamba West,0.3325,210.01,27.3,0.0414,75.46,Good
2023-11-01,Wamba West,0.4393,190.97,28.72,0.0358,83.04,Very good
2023-12-01,Wamba West,0.4942,167.73,30.06,0.0199,89.35,Very good
2024-01-01,Wamba West,0.3058,23.69,31.34,0.0441,48.7,Moderate
2024-02-01,Wamba West,0.2008,7.63,30.01,0.0549,37.34,Poor
2024-03-01,Wamba West,0.234,73.45,28.95,0.0579,50.81,Moderate
2024-04-01,Wamba West,0.3101,103.02,29.28,0.0499,62.59,Good
2024-05-01,Wamba West,0.2977,71.69,28.09,0.0435,58.88,Moderate
2024-06-01,Wamba West,0.2294,29.23,26.64,0.0585,44.83,Moderate
2024-07-01,Wamba West,0.1639,17.26,26.84,0.0688,35.82,Poor
2024-08-01,Wamba West,0.141,18.4,27.73,0.0686,33.74,Poor
2024-09-01,Wamba West,0.1457,25.71,28.27,0.0771,32.96,Poor
2024-10-01,Wamba West,0.2284,76.71,28.28,0.0492,53.44,Moderate
2024-11-01,Wamba West,0.3862,144.85,28.73,0.047,75.98,Good
2024-12-01,Wamba West,0.2951,55.44,29.61,0.05,53.31,Moderate
2025-01-01,Wamba West,0.2185,26.16,33.51,0.0642,36.8,Poor
2025-02-01,Wamba West,0.1859,26.09,31.78,0.0743,33.64,Poor
2025-03-01,Wamba West,0.2161,65.89,29.93,0.0678,45.33,Moderate
2025-04-01,Wamba West,0.289,73.0,29.59,0.0543,54.87,Moderate
2025-05-01,Wamba West,0.3558,104.09,28.5,0.0429,68.14,Good
2025-06-01,Wamba West,0.1888,20.88,28.0,0.0716,36.6,Poor
2025-07-01,Wamba West,0.1567,7.4,26.49,0.0654,34.71,Poor
2025-08-01,Wamba West,0.1453,12.82,27.4,0.0671,33.7,Poor
2025-09-01,Wamba West,0.12,20.35,30.64,0.0685,30.27,Poor
2025-10-01,Wamba West,0.1603,39.27,28.69,0.0677,37.98,Poor
2025-11-01,Wamba West,0.2537,78.15,28.17,0.0511,55.11,Moderate
2025-12-01,Wamba West,0.2728,52.08,28.98,0.0496,51.78,Moderate
2026-01-01,Wamba West,0.1932,28.37,31.78,0.0727,34.89,Poor
2026-02-01,Wamba West,0.158,17.3,29.85,0.06,34.95,Poor
2026-03-01,Wamba West,0.1493,46.49,29.9,0.0692,37.13,Poor
2026-04-01,Wamba West,0.2575,86.28,28.42,0.0581,54.98,Moderate
2026-05-01,Wamba West,0.2842,62.52,25.63,0.0434,58.38,Moderate
2019-01-01,Waso,0.0659,28.34,29.61,0.0723,27.81,Poor
2019-02-01,Waso,0.0768,6.63,31.14,0.0636,25.66,Poor
2019-03-01,Waso,0.1994,80.2,30.78,0.0648,46.53,Moderate
2019-04-01,Waso,0.228,75.28,27.34,0.0723,48.78,Moderate
2019-05-01,Waso,0.3012,108.51,26.9,0.0492,64.94,Good
2019-06-01,Waso,0.2195,30.78,26.49,0.0633,43.46,Moderate
2019-07-01,Waso,0.1334,10.46,25.23,0.0642,34.85,Poor
2019-08-01,Waso,0.1183,12.75,26.65,0.0719,31.33,Poor
2019-09-01,Waso,0.1106,26.12,30.84,0.0691,30.3,Poor
2019-10-01,Waso,0.1726,54.33,28.96,0.0633,42.11,Moderate
2019-11-01,Waso,0.2261,73.17,28.59,0.0519,51.83,Moderate
2019-12-01,Waso,0.269,80.2,30.48,0.0564,53.5,Moderate
2020-01-01,Waso,0.1888,20.77,33.05,0.0567,35.86,Poor
2020-02-01,Waso,0.1506,20.31,29.75,0.0724,32.25,Poor
2020-03-01,Waso,0.2519,90.33,29.94,0.0556,54.6,Moderate
2020-04-01,Waso,0.3521,132.16,28.5,0.0555,69.76,Good
2020-05-01,Waso,0.3152,92.11,28.23,0.0474,62.52,Good
2020-06-01,Waso,0.2472,41.07,27.62,0.0516,48.8,Moderate
2020-07-01,Waso,0.1554,16.17,25.76,0.0616,37.5,Poor
2020-08-01,Waso,0.1242,11.16,26.53,0.0686,32.32,Poor
2020-09-01,Waso,0.1111,17.62,28.15,0.0717,30.47,Poor
2020-10-01,Waso,0.1296,28.61,30.22,0.0734,31.58,Poor
2020-11-01,Waso,0.1663,51.35,27.39,0.066,41.84,Moderate
2020-12-01,Waso,0.1123,25.16,31.45,0.0737,28.74,Poor
2021-01-01,Waso,0.129,11.43,34.57,0.0777,24.24,Poor
2021-02-01,Waso,0.0827,9.76,32.14,0.0769,22.84,Poor
2021-03-01,Waso,0.114,27.55,32.54,0.0667,29.95,Poor
2021-04-01,Waso,0.1305,43.58,29.23,0.0533,39.39,Poor
2021-05-01,Waso,0.2086,65.93,30.64,0.0508,48.02,Moderate
2021-06-01,Waso,0.1453,11.17,27.75,0.0649,33.64,Poor
2021-07-01,Waso,0.0883,7.0,28.36,0.0811,24.85,Poor
2021-08-01,Waso,0.102,10.63,28.0,0.0736,28.38,Poor
2021-09-01,Waso,0.0832,4.92,30.78,0.0775,23.02,Poor
2021-10-01,Waso,0.099,30.23,29.52,0.0764,29.6,Poor
2021-11-01,Waso,0.1237,25.02,30.66,0.0677,31.48,Poor
2021-12-01,Waso,0.1135,12.72,31.71,0.0807,24.99,Poor
2022-01-01,Waso,0.1005,18.12,33.1,0.0807,23.85,Poor
2022-02-01,Waso,0.1163,19.06,31.65,0.0809,26.26,Poor
2022-03-01,Waso,0.1866,55.12,31.28,0.0703,39.83,Poor
2022-04-01,Waso,0.1434,21.9,28.77,0.0627,34.96,Poor
2022-05-01,Waso,0.1896,59.79,28.93,0.0626,44.39,Moderate
2022-06-01,Waso,0.1276,9.21,27.48,0.0773,29.53,Poor
2022-07-01,Waso,0.1078,7.34,27.85,0.0716,28.79,Poor
2022-08-01,Waso,0.1294,14.0,27.62,0.0695,32.08,Poor
2022-09-01,Waso,0.1041,18.19,29.47,0.07,29.41,Poor
2022-10-01,Waso,0.1423,38.8,29.55,0.0637,36.84,Poor
2022-11-01,Waso,0.2046,69.5,29.53,0.066,45.83,Moderate
2022-12-01,Waso,0.1846,28.41,29.63,0.0647,37.8,Poor
2023-01-01,Waso,0.1273,8.68,32.87,0.0595,29.07,Poor
2023-02-01,Waso,0.0819,3.99,32.98,0.0795,20.56,Poor
2023-03-01,Waso,0.1476,33.94,31.31,0.0538,37.2,Poor
2023-04-01,Waso,0.2848,113.11,29.6,0.0519,61.79,Good
2023-05-01,Waso,0.2762,96.96,28.39,0.0568,58.38,Moderate
2023-06-01,Waso,0.1951,10.3,25.59,0.0549,40.94,Moderate
2023-07-01,Waso,0.1528,18.97,24.41,0.0649,38.12,Poor
2023-08-01,Waso,0.122,15.9,26.27,0.0656,33.82,Poor
2023-09-01,Waso,0.136,31.56,26.24,0.0604,38.59,Poor
2023-10-01,Waso,0.2764,112.46,27.29,0.0441,64.68,Good
2023-11-01,Waso,0.4154,218.35,28.32,0.0403,80.69,Very good
2023-12-01,Waso,0.4498,197.51,30.05,0.0276,84.54,Very good
2024-01-01,Waso,0.2824,24.41,31.3,0.0505,45.79,Moderate
2024-02-01,Waso,0.1574,8.55,30.13,0.0618,32.83,Poor
2024-03-01,Waso,0.2458,91.32,30.72,0.0584,53.1,Moderate
2024-04-01,Waso,0.3751,141.13,27.3,0.0505,74.94,Good
2024-05-01,Waso,0.2801,67.36,26.65,0.0599,54.43,Moderate
2024-06-01,Waso,0.1955,11.17,26.13,0.0597,39.59,Poor
2024-07-01,Waso,0.1575,28.24,26.51,0.0659,38.1,Poor
2024-08-01,Waso,0.1256,13.66,25.46,0.0723,32.86,Poor
2024-09-01,Waso,0.1269,38.87,28.69,0.0794,32.99,Poor
2024-10-01,Waso,0.153,31.03,28.27,0.0725,35.37,Poor
2024-11-01,Waso,0.1143,24.86,27.7,0.0708,32.47,Poor
2024-12-01,Waso,0.2088,64.36,27.79,0.0557,48.95,Moderate
2025-01-01,Waso,0.1257,13.59,31.99,0.0816,25.57,Poor
2025-02-01,Waso,0.1243,10.74,32.35,0.0734,26.51,Poor
2025-03-01,Waso,0.2206,84.16,30.36,0.0657,48.79,Moderate
2025-04-01,Waso,0.3426,123.92,28.32,0.0454,70.12,Good
2025-05-01,Waso,0.3727,106.28,27.05,0.0401,71.47,Good
2025-06-01,Waso,0.2653,27.25,25.57,0.0571,48.18,Moderate
2025-07-01,Waso,0.1696,23.72,27.47,0.0584,39.1,Poor
2025-08-01,Waso,0.1499,22.37,26.35,0.069,36.03,Poor
2025-09-01,Waso,0.161,37.43,29.61,0.0505,40.83,Moderate
2025-10-01,Waso,0.2778,92.44,28.71,0.042,60.78,Good
2025-11-01,Waso,0.2345,57.08,28.0,0.0661,47.07,Moderate
2025-12-01,Waso,0.2878,95.92,29.01,0.0477,60.55,Good
2026-01-01,Waso,0.1841,19.65,29.3,0.0764,33.97,Poor
2026-02-01,Waso,0.1383,20.62,34.27,0.0782,26.54,Poor
2026-03-01,Waso,0.2608,94.48,29.28,0.0661,54.1,Moderate
2026-04-01,Waso,0.3191,100.49,28.04,0.0509,63.57,Good
2026-05-01,Waso,0.3198,102.9,28.85,0.0511,63.32,Good
